{
  "type": "forge:conditional",
  "recipes": [
    {
      "conditions": [
        {
          "type": "simpleradio:items_enabled",
          "item": "receiver"
        }
      ],
      "recipe": {
        "type": "minecraft:crafting_shaped",
        "category": "building",
        "key": {
          "A": {
            "item": "simpleradio:antenna"
          },
          "I": {
            "item": "create:industrial_iron_block"
          },
          "C": {
            "item": "simpleradio:copper_wire"
          },
          "Q": {
            "item": "minecraft:quartz"
          },
          "R": {
            "item": "simpleradio:receiving_module"
          }
        },
        "pattern": [
          " A ",
          "QIR",
          " C "
        ],
        "result": {
          "item": "simpleradio:receiver"
        },
        "show_notification": true
      }
    }
  ]
}