{
  "type": "forge:conditional",
  "recipes": [
    {
      "conditions": [
        {
          "type": "simpleradio:items_enabled",
          "item": "transceiver"
        }
      ],
      "recipe": {
        "type": "minecraft:crafting_shaped",
        "category": "equipment",
        "key": {
          "A": {
            "item": "simpleradio:antenna"
          },
          "C": {
            "item": "simpleradio:copper_wire"
          },
          "B": {
            "item": "create:brass_ingot"
          },
          "W": {
            "item": "simpleradio:listener_module"
          },
          "X": {
            "item": "simpleradio:transmitting_module"
          },
          "R": {
            "item": "minecraft:redstone"
          },
          "Y": {
            "item": "simpleradio:speaker_module"
          },
          "Z": {
            "item": "simpleradio:receiving_module"
          }
        },
        "pattern": [
          "AW ",
          "XBZ",
          "RYC"
        ],
        "result": {
          "item": "simpleradio:transceiver"
        },
        "show_notification": true
      }
    }
  ]
}