{
  "type": "forge:conditional",
  "recipes": [
    {
      "conditions": [
        {
          "type": "simpleradio:items_enabled",
          "item": "transmitting_module"
        }
      ],
      "recipe": {
        "type": "minecraft:crafting_shaped",
        "category": "misc",
        "key": {
          "A": {
            "item": "simpleradio:antenna"
          },
          "C": {
            "item": "simpleradio:copper_wire"
          },
          "I": {
            "item": "minecraft:iron_ingot"
          },
          "P": {
            "item": "create:transmitter"
          }
        },
        "pattern": [
          " A ",
          "CIC",
          " P "
        ],
        "result": {
          "item": "simpleradio:transmitting_module"
        },
        "show_notification": true
      }
    }
  ]
}