{
  "type": "forge:conditional",
  "recipes": [
    {
      "conditions": [
        {
          "type": "simpleradio:items_enabled",
          "item": "walkie_talkie"
        }
      ],
      "recipe": {
        "type": "minecraft:crafting_shaped",
        "category": "equipment",
        "key": {
          "B": {
            "item": "minecraft:copper_block"
          },
          "C": {
            "item": "simpleradio:copper_wire"
          },
          "I": {
            "item": "minecraft:iron_ingot"
          }
        },
        "pattern": [
          " I ",
          " B ",
          " C "
        ],
        "result": {
          "item": "simpleradio:walkie_talkie"
        },
        "show_notification": true
      }
    }
  ]
}