{
	"credit": "Made with Blockbench",
	"textures": {
		"2": "caverns_and_chasms:block/cupric_torch2",
		"3": "caverns_and_chasms:block/cupric_torch_fire2",
		"particle": "caverns_and_chasms:block/cupric_torch_fire2"
	},
	"elements": [
		{
			"from": [0, 1.75, 7],
			"to": [2, 10.751, 9],
			"shade": false,
			"rotation": {"angle": 0, "axis": "z", "origin": [8.5, 9.75, 15.5]},
			"faces": {
				"north": {"uv": [9, 7, 7, 16], "texture": "#2"},
				"east": {"uv": [9, 7, 7, 16], "texture": "#2"},
				"south": {"uv": [9, 7, 7, 16], "texture": "#2"},
				"west": {"uv": [9, 7, 7, 16], "texture": "#2"},
				"up": {"uv": [7, 5, 9, 7], "texture": "#2"},
				"down": {"uv": [7, 14, 9, 16], "texture": "#2"}
			}
		},
		{
			"from": [1, 8.75, 6],
			"to": [1, 16.75, 10],
			"shade": false,
			"rotation": {"angle": 0, "axis": "z", "origin": [1, 12.75, 8]},
			"faces": {
				"east": {"uv": [6, 2, 10, 10], "texture": "#3"},
				"west": {"uv": [6, 2, 10, 10], "texture": "#3"}
			}
		}
	],
	"gui_light": "front",
	"display": {
		"thirdperson_righthand": {
			"rotation": [0, -90, 0],
			"translation": [0, 2.5, 6.25],
			"scale": [0.75, 0.75, 0.75]
		},
		"thirdperson_lefthand": {
			"rotation": [0, 90, 0],
			"translation": [0, 2.5, 6.25],
			"scale": [0.75, 0.75, 0.75]
		},
		"firstperson_righthand": {
			"rotation": [-23.03, 78.06, 18.54],
			"translation": [0.25, 3.75, -1.75],
			"scale": [0.6, 0.6, 0.6]
		},
		"firstperson_lefthand": {
			"rotation": [-23.03, 78.06, 18.54],
			"translation": [-0.5, 4.25, 5.75],
			"scale": [0.6, 0.6, 0.6]
		},
		"ground": {
			"translation": [4, 2, 0],
			"scale": [0.5, 0.5, 0.5]
		},
		"gui": {
			"rotation": [1, -90, 0],
			"translation": [0, -1, 0]
		},
		"head": {
			"rotation": [0, 90, 0],
			"translation": [0, 10, -11.25],
			"scale": [1.63, 1.63, 1.63]
		},
		"fixed": {
			"translation": [5, 0, -0.75]
		}
	}
}