{
	"credit": "Made by @ThatJadenXgamer",
	"parent": "block/block",
	"ambientocclusion": false,
	"render_type": "cutout",
  	"textures": {
	    "particle": "#base"
  	},
	"elements": [
		{
			"from": [0, 0, 0],
			"to": [16, 16, 16],
			"faces": {
				"north": {"uv": [0, 0, 16, 16], "texture": "#base", "cullface": "north"},
				"east": {"uv": [0, 0, 16, 16], "texture": "#base", "cullface": "east"},
				"south": {"uv": [0, 0, 16, 16], "texture": "#base", "cullface": "south"},
				"west": {"uv": [0, 0, 16, 16], "texture": "#base", "cullface": "west"},
				"up": {"uv": [0, 0, 16, 16], "texture": "#base", "cullface": "up"},
				"down": {"uv": [0, 0, 16, 16], "texture": "#base", "cullface": "down"}
			}
		},
		{
			"from": [0, 0, 0],
			"to": [16, 16, 16],
			"shade": false,
			"faces": {
				"north": {"uv": [0, 0, 16, 16], "texture": "#glow", "cullface": "north"},
				"east": {"uv": [0, 0, 16, 16], "texture": "#glow", "cullface": "east"},
				"south": {"uv": [0, 0, 16, 16], "texture": "#glow", "cullface": "south"},
				"west": {"uv": [0, 0, 16, 16], "texture": "#glow", "cullface": "west"},
				"up": {"uv": [0, 0, 16, 16], "texture": "#glow", "cullface": "up"},
				"down": {"uv": [0, 0, 16, 16], "texture": "#glow", "cullface": "down"}
			},
			"forge_data": {"block_light": 2}
		}
	]
}