{
	"format_version": "1.12.0",
	"minecraft:geometry": [
		{
			"description": {
				"identifier": "geometry.sourcerer_ribbit_2",
				"texture_width": 128,
				"texture_height": 128,
				"visible_bounds_width": 3,
				"visible_bounds_height": 2.5,
				"visible_bounds_offset": [0, 0.75, 0]
			},
			"bones": [
				{
					"name": "main",
					"pivot": [0, 0, 0]
				},
				{
					"name": "body",
					"parent": "main",
					"pivot": [0, 2, -1],
					"cubes": [
						{"origin": [-4, 2, -4], "size": [8, 8, 7], "uv": [0, 0]},
						{"origin": [-5, 8, -2], "size": [4, 4, 3], "uv": [14, 15]},
						{"origin": [1, 8, -2], "size": [4, 4, 3], "uv": [0, 15]}
					]
				},
				{
					"name": "left_arm",
					"parent": "body",
					"pivot": [3.9, 5.6, 0],
					"rotation": [0, 0, -27.5],
					"cubes": [
						{"origin": [3, 2.6, -1], "size": [2, 4, 2], "uv": [23, 0]}
					]
				},
				{
					"name": "right_arm",
					"parent": "body",
					"pivot": [-3.9, 5.6, 0],
					"rotation": [0, 0, 27.5],
					"cubes": [
						{"origin": [-5, 2.6, -1], "size": [2, 4, 2], "uv": [23, 0], "mirror": true}
					]
				},
				{
					"name": "sourcerer_hat",
					"parent": "body",
					"pivot": [0, 11.4, -0.1],
					"rotation": [-22.5, -41.5, 15],
					"cubes": [
						{"origin": [-5, 11.4, -5.1], "size": [10, 1, 10], "uv": [0, 29]},
						{"origin": [-2, 12.4, -2.1], "size": [4, 4, 4], "uv": [0, 40]},
						{"origin": [-1, 16.4, -1.1], "size": [2, 2, 2], "uv": [0, 48]}
					]
				},
				{
					"name": "umbrella2",
					"parent": "body",
					"pivot": [0.3, 5.9, -5.4],
					"rotation": [-3.5, 142.5, 2],
					"cubes": [
						{"origin": [-2.2, 15.4, -7.9], "size": [5, 2, 5], "uv": [33, 57]},
						{"origin": [-6.2, 16.4, -11.9], "size": [13, 0, 13], "uv": [20, 24]},
						{"origin": [-0.2, 5.4, -5.9], "size": [1, 10, 1], "uv": [0, 53]}
					]
				},
				{
					"name": "right_leg",
					"parent": "main",
					"pivot": [-2, 2.1, -0.5],
					"cubes": [
						{"origin": [-3, 0, -1.5], "size": [2, 2, 2], "uv": [8, 25], "mirror": true},
						{"origin": [-4, 0, -2.5], "size": [3, 0, 3], "uv": [0, 31], "mirror": true}
					]
				},
				{
					"name": "left_leg",
					"parent": "main",
					"pivot": [2, 2.1, -0.5],
					"cubes": [
						{"origin": [1, 0, -1.5], "size": [2, 2, 2], "uv": [8, 25]},
						{"origin": [1, 0, -2.5], "size": [3, 0, 3], "uv": [0, 31]}
					]
				}
			]
		}
	]
}