{
	"credit": "Made by @ThatJadenXgamer",
	"texture_size": [32, 32],
	"textures": {
		"particle": "block/crimson_planks",
		"texture": "block/crimson_fence"
	},
	"elements": [
		{
			"name": "top bar",
			"from": [7, 12, 7],
			"to": [16, 15, 9],
			"rotation": {"angle": 0, "axis": "y", "origin": [8, 0, 8]},
			"faces": {
				"north": {"uv": [0, 0.5, 4.5, 2], "texture": "#texture"},
				"east": {"uv": [0, 0.5, 1, 2], "texture": "#texture"},
				"south": {"uv": [4.5, 0.5, 0, 2], "texture": "#texture"},
				"up": {"uv": [8, 2, 9, 6.5], "rotation": 90, "texture": "#texture"},
				"down": {"uv": [8, 2, 9, 6.5], "rotation": 270, "texture": "#texture"}
			}
		},
		{
			"name": "lower bar",
			"from": [7, 6, 7],
			"to": [16, 9, 9],
			"rotation": {"angle": 0, "axis": "y", "origin": [8, 0, 8]},
			"faces": {
				"north": {"uv": [0, 3.5, 4.5, 5], "texture": "#texture"},
				"east": {"uv": [0, 0.5, 1, 2], "texture": "#texture"},
				"south": {"uv": [4.5, 3.5, 0, 5], "texture": "#texture"},
				"up": {"uv": [8, 2, 9, 6.5], "rotation": 90, "texture": "#texture"},
				"down": {"uv": [8, 2, 9, 6.5], "rotation": 270, "texture": "#texture"}
			}
		}
	]
}