{
  "pools":[
    {
      "rolls":1,
      "functions":[
                {
                  "function": "set_count",
                  "count":{"min":6, "max":24, "type":"minecraft:uniform"}
                }
      ],
      "entries":[
        {
          "type": "tag",
          "weight": 1,
          "name": "dimdoors:fabric",
          "expand": "true"
        },
        {
          "type": "item",
          "name": "dimdoors:world_thread",
          "weight": 10
        }
      ]
    }
  ]
}
