{
  "pools": [
    {
      "rolls": 1,
      "bonus_rolls": 1,
      "entries": [
        {
          "type": "loot_table",
          "name": "ddgalosphere:galosphere_rare"
        }
      ]
    },
    {
      "rolls": 1,
      "entries": [
        {
          "type": "loot_table",
          "name": "ddgalosphere:galosphere_incidental"
        }
      ]
    },
    {
      "rolls": 3,
      "bonus_rolls": -1,
      "entries": [
        {
          "type": "loot_table",
          "name": "ddgalosphere:galosphere_cosmetic"
        }
      ]
    },
    {
      "rolls": 1,
      "bonus_rolls": 1,
      "entries": [
        {
          "type": "loot_table",
          "name": "ddgalosphere:dimdoors_fabric"
        }
      ]
    },
    {
      "rolls": 3,
      "bonus_rolls": 1,
      "entries": [
        {
          "type": "loot_table",
          "name": "ddgalosphere:galosphere_minerals"
        }
      ]
    }
  ]
}
