{
  "pools": [
    {
      "rolls":{"min": 0, "max": 1},
      "entries": [
        {
          "type":"item",
          "name":"minecraft:phantom_membrane",
          "weight": 2,
          "functions": [
            {
              "function": "set_count",
              "count":{"min":0, "max":4, "type":"minecraft:uniform"}
            }
          ]
        },
        {
          "type":"item",
          "name":"minecraft:soul_campfire",
          "weight": 1,
          "functions": [
            {
              "function": "set_count",
              "count": {"min":0, "max": 1, "type":"minecraft:uniform"}
            }
          ]
        }
      ]
    }
  ]
}
