{
  "pools": [
    {
      "rolls": 1,
      "entries": [
        {
          "type": "alternatives",
          "children": [
            {
              "type": "loot_table",
              "name": "ddgalosphere:galosphere_salt_cosmetic",
              "conditions": [
                {
                  "condition": "random_chance",
                  "chance": 0.5
                }
              ]
            }
          ]
        },
        {
          "type": "alternatives",
          "children": [
            {
              "type": "loot_table",
              "name": "ddgalosphere:galosphere_silver_cosmetic",
              "conditions": [
                {
                  "condition": "random_chance",
                  "chance": 1.0
                }
              ]
            }
          ]
        }
      ]
    }
  ]
}
