{
  "pools":[
    {
      "rolls":2,
      "functions": [
        {
          "function": "set_count",
          "count": {"min":0, "max":12, "type":"minecraft:uniform"}
        }
      ],
      "entries": [
        {
          "type": "item",
          "name": "galosphere:lumiere_shard",
          "weight": 2
        },
        {
          "type": "item",
          "name": "galosphere:allurite_shard",
          "weight": 2
        },
        {
          "type": "alternatives",
          "weight": 2,
          "children": [
            {
              "type": "item",
              "name": "galosphere:pink_salt_shard",
              "conditions": [
                {
                  "condition": "random_chance",
                  "chance": 0.75
                }
              ]
            },
            {
              "type": "item",
              "name": "galosphere:pink_salt_straw"
            }
          ]
        },
        {
          "type": "item",
          "name": "minecraft:amethyst_shard",
          "weight": 3
        },
        {
          "type": "item",
          "name": "galosphere:silver_ingot",
          "weight": 4
        }
      ]
    }
  ]
}
