{
  "pools": [
    {
      "rolls":{"min": 1, "max": 2},
      "entries": [
        {
          "type":"item",
          "name":"galosphere:spectre_flare",
          "weight": 2,
          "functions": [
            {
              "function": "set_count",
              "count":{"min":3, "max":12, "type":"minecraft:uniform"}
            }
          ]
        },
        {
          "type":"item",
          "name":"galosphere:glow_flare",
          "weight": 2,
          "functions": [
            {
              "function": "set_count",
              "count": {"min":3, "max": 8, "type":"minecraft:uniform"}
            }
          ]
        },
        {
          "type":"item",
          "name":"galosphere:silver_bomb",
          "weight": 2,
          "functions": [
            {
              "function": "set_count",
              "count": {"min":3, "max": 6, "type":"minecraft:uniform"}
            }
          ]
        },
        {
          "type":"item",
          "name":"galosphere:preserved_template",
          "weight": 1,
          "quality": 2
        },
        {
          "type":"item",
          "name":"galosphere:silver_upgrade_smithing_template",
          "weight": 1,
          "quality": 2
        }
      ]
    }
  ]
}
