{
  "pools": [
    {
      "rolls": {"min": 2, "max": 3},
      "functions": [
        {
          "function": "set_count",
          "count": {"min": 4, "max": 16}
        }
      ],
      "entries":[
        {
          "type":"item",
          "name":"galosphere:silver_tiles",
          "weight":1
        },
        {
          "type":"item",
          "name":"galosphere:silver_panel",
          "weight":1
        },
        {
          "type":"item",
          "name":"galosphere:silver_block",
          "weight":1
        }
      ]
    }
  ]
}
