{
  "pools": [
    {
      "rolls":1,
      "entries":[
        {
          "type":"alternatives",
          "children": [
            {
              "type": "loot_table",
              "name": "ddgalosphere:galosphere_pink_salt",
              "conditions": [
                {
                  "condition": "random_chance",
                  "chance": 0.333
                }
              ]
            },
            {
              "type": "loot_table",
              "name": "ddgalosphere:galosphere_rose_salt",
              "conditions": [
                {
                  "condition": "random_chance",
                  "chance": 0.5
                }
              ]
            },
            {
              "type": "loot_table",
              "name": "ddgalosphere:galosphere_pastel_salt"
            }
          ]
        }
      ]
    }
  ]
}
