{
  "pools": [
    {
      "rolls": {"min": 2, "max": 3},
      "functions": [
        {
          "function": "set_count",
          "count": {"min": 4, "max": 16}
        }
      ],
      "entries":[
        {
          "type":"item",
          "name":"galosphere:polished_pink_salt",
          "weight":1
        },
        {
          "type":"item",
          "name":"galosphere:pink_salt_bricks",
          "weight":1
        },
        {
          "type":"item",
          "name":"galosphere:chiseled_pink_salt",
          "weight":1
        }
      ]
    }
  ]
}
