{
	"format_version": "1.12.0",
	"minecraft:geometry": [
		{
			"description": {
				"identifier": "geometry.gardener_ribbit_1",
				"texture_width": 128,
				"texture_height": 128,
				"visible_bounds_width": 3,
				"visible_bounds_height": 2.5,
				"visible_bounds_offset": [0, 0.75, 0]
			},
			"bones": [
				{
					"name": "main",
					"pivot": [0, 0, 0]
				},
				{
					"name": "body",
					"parent": "main",
					"pivot": [0, 2, -1],
					"cubes": [
						{"origin": [-4, 2, -4], "size": [8, 8, 7], "uv": [0, 0]},
						{"origin": [-5, 8, -2], "size": [4, 4, 3], "uv": [14, 15]},
						{"origin": [1, 8, -2], "size": [4, 4, 3], "uv": [0, 15]}
					]
				},
				{
					"name": "left_arm",
					"parent": "body",
					"pivot": [3.9, 5.6, 0],
					"rotation": [0, 0, -27.5],
					"cubes": [
						{"origin": [3, 2.6, -1], "size": [2, 4, 2], "uv": [23, 0]}
					]
				},
				{
					"name": "right_arm",
					"parent": "body",
					"pivot": [-3.9, 5.6, 0],
					"rotation": [0, 0, 27.5],
					"cubes": [
						{"origin": [-5, 2.6, -1], "size": [2, 4, 2], "uv": [23, 0], "mirror": true}
					]
				},
				{
					"name": "watering_can",
					"parent": "right_arm",
					"pivot": [-0.6, 2.4, -2.4],
					"rotation": [-74.5, 25, -7.5],
					"cubes": [
						{"origin": [-5.6, -0.6, -5.4], "size": [3, 3, 3], "uv": [30, 11], "mirror": true},
						{"origin": [-4.6, -3.6, -3.4], "size": [1, 3, 1], "pivot": [-4.1, -0.6, -2.4], "rotation": [-45, 0, 0], "uv": [34, 5], "mirror": true},
						{"origin": [-4.6, 2.4, -5.4], "size": [1, 1, 2], "uv": [34, 0], "mirror": true}
					]
				},
				{
					"name": "gardener_hat",
					"parent": "body",
					"pivot": [0, 11.4, 0.9],
					"rotation": [-27.5, 45, -20],
					"cubes": [
						{"origin": [-4.5, 11.1, -4.6], "size": [10, 1, 10], "uv": [54, 0]},
						{"origin": [-2.5, 12.1, -2.6], "size": [6, 3, 6], "uv": [38, 11]},
						{"origin": [2.58873, 11.1, -1.8], "size": [4, 4, 0], "pivot": [0.38873, 11.001, 0.4], "rotation": [0, -45, 0], "uv": [62, 17]},
						{"origin": [3.96376, 11.1, 3.52061], "size": [4, 4, 0], "pivot": [-0.03624, 11.001, 2.52061], "rotation": [0, 45, 0], "uv": [62, 17]}
					]
				},
				{
					"name": "umbrella",
					"parent": "body",
					"pivot": [0, 5.6, -5.1],
					"rotation": [-12.5, 145, -2.5],
					"cubes": [
						{"origin": [-4.5, 12.1, -12.6], "size": [9, 3, 8], "uv": [4, 51]},
						{"origin": [-0.5, 5.1, -5.6], "size": [1, 10, 1], "uv": [0, 53]}
					]
				},
				{
					"name": "right_leg",
					"parent": "main",
					"pivot": [-2, 2.1, -0.5],
					"cubes": [
						{"origin": [-3, 0, -1.5], "size": [2, 2, 2], "uv": [8, 25], "mirror": true},
						{"origin": [-4, 0, -2.5], "size": [3, 0, 3], "uv": [0, 31], "mirror": true}
					]
				},
				{
					"name": "left_leg",
					"parent": "main",
					"pivot": [2, 2.1, -0.5],
					"cubes": [
						{"origin": [1, 0, -1.5], "size": [2, 2, 2], "uv": [8, 25]},
						{"origin": [1, 0, -2.5], "size": [3, 0, 3], "uv": [0, 31]}
					]
				}
			]
		}
	]
}