{
    "textures": {
        "valley": {
			"antique_atlas:biome/flatland/plains/grass_3": 2,
			"antique_atlas:biome/woodland/flower/cornflower_grass": 1,
			"antique_atlas:biome/woodland/flower/daisies_grass": 1,
            "antique_atlas:biome/arid/savanna/sand_grass": 1,
            "antique_atlas:biome/arid/savanna/sand_grass_3": 2,
            "antique_atlas:biome/flatland/plains/grass_olive_sparse": 3,
            "antique_atlas:biome/woodland/flower/dandelion_grass": 2,
            "antique_atlas:biome/arid/desert/sand_cacti_sparse": 3,
            "antique_atlas:biome/arid/desert/sand_palm": 2
        },
        "mid": {
			"antique_atlas:biome/flatland/plains/grass_hills_low": 2,
			"antique_atlas:biome/woodland/flower/cornflower_grass_hills_low": 1,
			"antique_atlas:biome/woodland/flower/daisies_grass_hills_low": 2,
            "antique_atlas:biome/arid/savanna/sand_grass_hills_low": 1,
            "antique_atlas:biome/arid/savanna/sand_grass_3_hills_low": 2,
            "antique_atlas:biome/flatland/plains/grass_olive_sparse_hills_low": 3,
            "antique_atlas:biome/woodland/flower/dandelion_grass_hills_low": 2,
            "antique_atlas:biome/arid/desert/sand_cacti_sparse_hills_low": 3,
            "antique_atlas:biome/arid/desert/sand_palm_hills_low": 2
        },
        "peak": {
            "antique_atlas:biome/arid/savanna/sand_grass_hills": 1,
            "antique_atlas:biome/arid/savanna/sand_grass_3_hills": 1,
            "antique_atlas:biome/flatland/plains/grass_olive_sparse_hills": 3,
            "antique_atlas:biome/woodland/flower/dandelion_grass_hills": 2
        }
    }
}