{
	"credit": "Made by @ThatJadenXgamer",
	"texture_size": [32, 32],
	"textures": {
		"particle": "gardens_of_the_dead:block/soulblight_planks",
		"texture": "gardens_of_the_dead:block/soulblight_fence"
	},
	"elements": [
		{
			"name": "Center post",
			"from": [6, 0, 6],
			"to": [10, 16, 10],
			"faces": {
				"north": {"uv": [3, 0, 5, 8], "texture": "#texture"},
				"east": {"uv": [3, 0, 5, 8], "texture": "#texture"},
				"south": {"uv": [3, 0, 5, 8], "texture": "#texture"},
				"west": {"uv": [3, 0, 5, 8], "texture": "#texture"},
				"up": {"uv": [8, 0, 10, 2], "texture": "#texture", "cullface": "up"},
				"down": {"uv": [10, 0, 12, 2], "texture": "#texture", "cullface": "up"}
			}
		}
	]
}