{
	"textures": {
		"valley": {
			"antique_atlas:biome/woodland/forest/oak_fancy_mixed": 1,
			"antique_atlas:biome/woodland/forest/oak_mixed": 1,
			"antique_atlas:biome/woodland/forest/grass_oak_mixed": 1,
            "antique_atlas:biome/flatland/plains/grass_bushes": 2,
            "antique_atlas:biome/flatland/plains/grass_3": 2
        },
		"high": {
			"antique_atlas:biome/woodland/forest/oak_fancy_mixed_hills_low": 1,
			"antique_atlas:biome/woodland/forest/oak_mixed_hills_low": 1,
			"antique_atlas:biome/woodland/forest/grass_oak_mixed_hills_low": 1,
            "antique_atlas:biome/flatland/plains/grass_bushes_hills_low": 2,
            "antique_atlas:biome/flatland/plains/grass_hills_low": 2
        }
	}
}
