{
	"credit": "Made with Blockbench",
	"parent": "block/thin_block",
	"textures": {
		"1": "mossy:block/mossy_side",
		"particle": "block/moss_block",
		"wool": "block/moss_block"
	},
	"elements": [
		{
			"from": [-0.1, 0, -0.1],
			"to": [16.1, 1, 16.1],
			"faces": {
				"north": {"uv": [0, 0, 16, 1], "texture": "#1"},
				"east": {"uv": [0, 0, 16, 1], "texture": "#1"},
				"south": {"uv": [0, 0, 16, 1], "texture": "#1"},
				"west": {"uv": [0, 0, 16, 1], "texture": "#1"},
				"up": {"uv": [0, 0, 16, 16], "texture": "#wool"},
				"down": {"uv": [0, 0, 16, 16], "texture": "#wool"}
			}
		},
		{
			"from": [-0.1, -15, -0.1],
			"to": [16.1, 0, -0.1],
			"faces": {
				"north": {"uv": [0, 1, 16, 16], "texture": "#1"},
				"east": {"uv": [0, 15, 16, 16], "texture": "#wool"},
				"south": {"uv": [0, 0, 16, 16], "texture": "#1"},
				"west": {"uv": [0, 15, 16, 16], "texture": "#wool"},
				"up": {"uv": [0, 0, 16, 16], "rotation": 90, "texture": "#wool"},
				"down": {"uv": [0, 0, 16, 16], "rotation": 270, "texture": "#wool"}
			}
		},
		{
			"from": [-0.1, -15, 16.1],
			"to": [16.1, 0, 16.1],
			"faces": {
				"north": {"uv": [0, 1, 16, 16], "texture": "#1"},
				"east": {"uv": [0, 15, 16, 16], "texture": "#wool"},
				"south": {"uv": [0, 0, 16, 16], "texture": "#1"},
				"west": {"uv": [0, 15, 16, 16], "texture": "#wool"},
				"up": {"uv": [0, 0, 16, 16], "rotation": 90, "texture": "#wool"},
				"down": {"uv": [0, 0, 16, 16], "rotation": 270, "texture": "#wool"}
			}
		},
		{
			"from": [-0.1, -15, -0.1],
			"to": [-0.1, 0, 16.1],
			"rotation": {"angle": 0, "axis": "y", "origin": [8, -7.5, 16]},
			"faces": {
				"north": {"uv": [0, 15, 16, 16], "texture": "#wool"},
				"east": {"uv": [0, 1, 16, 16], "texture": "#1"},
				"south": {"uv": [0, 15, 16, 16], "texture": "#wool"},
				"west": {"uv": [0, 0, 16, 16], "texture": "#1"},
				"up": {"uv": [0, 0, 16, 16], "rotation": 180, "texture": "#wool"},
				"down": {"uv": [0, 0, 16, 16], "rotation": 180, "texture": "#wool"}
			}
		},
		{
			"from": [16.1, -15, -0.1],
			"to": [16.1, 0, 16.1],
			"rotation": {"angle": 0, "axis": "y", "origin": [8, -7.5, 16]},
			"faces": {
				"north": {"uv": [0, 15, 16, 16], "texture": "#wool"},
				"east": {"uv": [0, 1, 16, 16], "texture": "#1"},
				"south": {"uv": [0, 15, 16, 16], "texture": "#wool"},
				"west": {"uv": [0, 0, 16, 16], "texture": "#1"},
				"up": {"uv": [0, 0, 16, 16], "rotation": 180, "texture": "#wool"},
				"down": {"uv": [0, 0, 16, 16], "rotation": 180, "texture": "#wool"}
			}
		}
	],
	"display": {
		"thirdperson_righthand": {
			"rotation": [75, 45, 0],
			"translation": [0, 2.5, 3.25],
			"scale": [0.375, 0.375, 0.375]
		},
		"thirdperson_lefthand": {
			"rotation": [75, 45, 0],
			"translation": [0, 2.5, 3.25],
			"scale": [0.375, 0.375, 0.375]
		},
		"firstperson_righthand": {
			"rotation": [0, 45, 0],
			"translation": [0, 3, 0],
			"scale": [0.4, 0.4, 0.4]
		},
		"firstperson_lefthand": {
			"rotation": [0, 225, 0],
			"translation": [0, 3, 0],
			"scale": [0.4, 0.4, 0.4]
		},
		"ground": {
			"translation": [0, 3, 0],
			"scale": [0.25, 0.25, 0.25]
		},
		"gui": {
			"rotation": [30, 225, 0],
			"translation": [0, 4.75, 0],
			"scale": [0.625, 0.625, 0.625]
		},
		"head": {
			"translation": [0, 11.75, 0],
			"scale": [0.89, 0.89, 0.89]
		},
		"fixed": {
			"scale": [0.5, 0.5, 0.5]
		}
	},
	"groups": [
		{
			"name": "group",
			"origin": [0, 0, 0],
			"color": 0,
			"children": [0, 1, 2, 3, 4]
		}
	]
}