{
	"credit": "Made by @ThatJadenXgamer",
	"textures": {
		"1": "netherexp:block/claret_button",
		"particle": "netherexp:block/claret_planks"
	},
	"elements": [
		{
			"from": [5, 0, 6],
			"to": [11, 2, 10],
			"faces": {
				"north": {"uv": [5, 10, 11, 12], "texture": "#1"},
				"east": {"uv": [11, 6, 15, 8], "texture": "#1"},
				"south": {"uv": [5, 4, 11, 6], "texture": "#1"},
				"west": {"uv": [1, 6, 5, 8], "texture": "#1"},
				"up": {"uv": [5, 10, 11, 6], "texture": "#1"},
				"down": {"uv": [5, 6, 11, 10], "texture": "#1", "cullface": "down"}
			}
		}
	]
}