{
	"credit": "Made by @ThatJadenXgamer",
	"render_type": "minecraft:cutout",
	"textures": {
		"0": "netherexp:block/crimson_sporeshroom_side",
		"glow": "netherexp:block/crimson_sporeshroom_side_glow",
		"1": "netherexp:block/crimson_sporeshroom_top",
		"2": "netherexp:block/crimson_sporeshroom_hanging",
		"particle": "netherexp:block/crimson_sporeshroom_top"
	},
	"elements": [
		{
			"from": [0, -16, 8],
			"to": [16, 16, 8],
			"rotation": {"angle": 45, "axis": "y", "origin": [8, 0, 8]},
			"faces": {
				"north": {"uv": [0, 0, 8, 16], "texture": "#2"},
				"east": {"uv": [0, 0, 16, 16], "texture": "#2"},
				"south": {"uv": [0, 0, 8, 16], "texture": "#2"},
				"west": {"uv": [0, 0, 8, 16], "texture": "#2"},
				"up": {"uv": [0, 0, 16, 16], "texture": "#2"},
				"down": {"uv": [0, 0, 0, 0], "texture": "#2"}
			}
		},
		{
			"from": [0, -16, 8],
			"to": [16, 16, 8],
			"rotation": {"angle": -45, "axis": "y", "origin": [8, 0, 8]},
			"faces": {
				"north": {"uv": [0, 0, 8, 16], "texture": "#2"},
				"east": {"uv": [0, 0, 16, 16], "texture": "#2"},
				"south": {"uv": [0, 0, 8, 16], "texture": "#2"},
				"west": {"uv": [0, 0, 8, 16], "texture": "#2"},
				"up": {"uv": [0, 0, 16, 16], "texture": "#2"},
				"down": {"uv": [0, 0, 0, 0], "texture": "#2"}
			}
		},
		{
			"from": [0, -8, 0],
			"to": [16, 8, 16],
			"rotation": {"angle": 0, "axis": "y", "origin": [0, 8, 0]},
			"faces": {
				"north": {"uv": [0, 0, 16, 16], "texture": "#0"},
				"east": {"uv": [0, 0, 16, 16], "texture": "#0"},
				"south": {"uv": [0, 0, 16, 16], "texture": "#0"},
				"west": {"uv": [0, 0, 16, 16], "texture": "#0"},
				"up": {"uv": [0, 0, 16, 16], "texture": "#1"}
			}
		},
		{
			"from": [0, -8, 0],
			"to": [16, 8, 16],
			"rotation": {"angle": 0, "axis": "y", "origin": [0, 8, 0]},
			"shade": false,
			"faces": {
				"north": {"uv": [0, 0, 16, 16], "texture": "#glow"},
				"east": {"uv": [0, 0, 16, 16], "texture": "#glow"},
				"south": {"uv": [0, 0, 16, 16], "texture": "#glow"},
				"west": {"uv": [0, 0, 16, 16], "texture": "#glow"}
			},
			"forge_data": {"block_light": 8}
		},
		{
			"from": [0, 0, 0],
			"to": [16, 8, 16],
			"rotation": {"angle": 0, "axis": "y", "origin": [0, 8, 0]},
			"faces": {
				"down": {"uv": [0, 0, 16, 16], "texture": "#1"}
			}
		},
		{
			"name": "cube inverted",
			"from": [16, 8, 16],
			"to": [0, -8, 0],
			"rotation": {"angle": 0, "axis": "y", "origin": [0, 8, 0]},
			"faces": {
				"north": {"uv": [0, 16, 16, 0], "texture": "#0"},
				"east": {"uv": [0, 16, 16, 0], "texture": "#0"},
				"south": {"uv": [0, 16, 16, 0], "texture": "#0"},
				"west": {"uv": [0, 16, 16, 0], "texture": "#0"},
				"down": {"uv": [16, 0, 0, 16], "texture": "#1"}
			}
		},
		{
			"name": "cube inverted",
			"from": [16, 8, 16],
			"to": [0, -8, 0],
			"rotation": {"angle": 0, "axis": "y", "origin": [0, 8, 0]},
			"shade": false,
			"faces": {
				"north": {"uv": [0, 16, 16, 0], "texture": "#glow"},
				"east": {"uv": [0, 16, 16, 0], "texture": "#glow"},
				"south": {"uv": [0, 16, 16, 0], "texture": "#glow"},
				"west": {"uv": [0, 16, 16, 0], "texture": "#glow"}
			},
			"forge_data": {"block_light": 8}
		}
	],
	"display": {
		"thirdperson_righthand": {
			"rotation": [75, 45, 0],
			"translation": [0, 2.5, 0],
			"scale": [0.375, 0.375, 0.375]
		},
		"thirdperson_lefthand": {
			"rotation": [75, 45, 0],
			"translation": [0, 2.5, 0],
			"scale": [0.375, 0.375, 0.375]
		},
		"firstperson_righthand": {
			"rotation": [156.03, -3.57, -155.25],
			"translation": [1.25, 1.5, 0],
			"scale": [0.4, 0.4, 0.4]
		},
		"firstperson_lefthand": {
			"rotation": [156.03, -3.57, -155.25],
			"translation": [1.25, 1.5, 0],
			"scale": [0.4, 0.4, 0.4]
		},
		"ground": {
			"translation": [0, 3, 0],
			"scale": [0.48, 0.48, 0.48]
		},
		"gui": {
			"rotation": [30, 225, 0],
			"scale": [0.625, 0.625, 0.625]
		},
		"head": {
			"translation": [0, 14.25, 0]
		},
		"fixed": {
			"scale": [0.8, 0.8, 0.8]
		}
	}
}