{
	"credit": "Made by @ThatJadenXgamer",
	"render_type": "minecraft:cutout",
	"textures": {
		"0": "netherexp:block/soul_candle_lit",
		"glow": "netherexp:block/soul_candle_lit_glow",
		"particle": "netherexp:block/soul_candle_lit"
	},
	"elements": [
		{
			"from": [5.5, 0, 5.5],
			"to": [10.5, 10, 10.5],
			"rotation": {"angle": 0, "axis": "y", "origin": [2.5, 0, 5.5]},
			"faces": {
				"north": {"uv": [5, 6, 10, 16], "texture": "#0"},
				"east": {"uv": [0, 6, 5, 16], "texture": "#0"},
				"south": {"uv": [5, 6, 10, 16], "texture": "#0"},
				"west": {"uv": [5, 6, 10, 16], "texture": "#0"},
				"up": {"uv": [0, 1, 5, 6], "texture": "#0"},
				"down": {"uv": [0, 1, 5, 6], "texture": "#0"}
			}
		},
		{
			"from": [5.5, 0, 5.5],
			"to": [10.5, 10, 10.5],
			"forge_data": {"block_light": 12},
			"shade": false,
			"rotation": {"angle": 0, "axis": "y", "origin": [2.5, 0, 5.5]},
			"faces": {
				"north": {"uv": [5, 6, 10, 16], "texture": "#glow"},
				"east": {"uv": [0, 6, 5, 16], "texture": "#glow"},
				"south": {"uv": [5, 6, 10, 16], "texture": "#glow"},
				"west": {"uv": [5, 6, 10, 16], "texture": "#glow"},
				"up": {"uv": [0, 1, 5, 6], "texture": "#glow"},
				"down": {"uv": [0, 1, 5, 6], "texture": "#glow"}
			}
		},
		{
			"from": [7.5, 10, 8],
			"to": [8.5, 11.5, 8],
			"rotation": {"angle": -45, "axis": "y", "origin": [8, 10, 8]},
			"faces": {
				"north": {"uv": [5, 4, 6, 6], "texture": "#0"},
				"east": {"uv": [5, 4, 6, 6], "texture": "#0"},
				"south": {"uv": [5, 4, 6, 6], "texture": "#0"},
				"west": {"uv": [5, 4, 6, 6], "texture": "#0"},
				"up": {"uv": [5, 4, 6, 6], "texture": "#0"},
				"down": {"uv": [5, 4, 6, 6], "texture": "#0"}
			}
		},
		{
			"from": [7.5, 10, 8],
			"to": [8.5, 11.5, 8],
			"rotation": {"angle": 45, "axis": "y", "origin": [8, 10, 8]},
			"faces": {
				"north": {"uv": [5, 4, 6, 6], "texture": "#0"},
				"east": {"uv": [5, 4, 6, 6], "texture": "#0"},
				"south": {"uv": [5, 4, 6, 6], "texture": "#0"},
				"west": {"uv": [5, 4, 6, 6], "texture": "#0"},
				"up": {"uv": [5, 4, 6, 6], "texture": "#0"},
				"down": {"uv": [5, 4, 6, 6], "texture": "#0"}
			}
		}
	],
	"display": {
		"fixed": {
			"rotation": [-90, 0, 0],
			"translation": [0, 0, -16],
			"scale": [2, 2, 2]
		}
	}
}