{
	"format_version": "1.12.0",
	"minecraft:geometry": [
		{
			"description": {
				"identifier": "geometry.fisherman_ribbit_2",
				"texture_width": 128,
				"texture_height": 128,
				"visible_bounds_width": 2,
				"visible_bounds_height": 2.5,
				"visible_bounds_offset": [0, 0.75, 0]
			},
			"bones": [
				{
					"name": "main",
					"pivot": [0, 0, 0]
				},
				{
					"name": "body",
					"parent": "main",
					"pivot": [0, 2, -1],
					"cubes": [
						{"origin": [-4, 2, -4], "size": [8, 8, 7], "uv": [0, 0]},
						{"origin": [-5, 8, -2], "size": [4, 4, 3], "uv": [14, 15]},
						{"origin": [1, 8, -2], "size": [4, 4, 3], "uv": [0, 15]}
					]
				},
				{
					"name": "left_arm",
					"parent": "body",
					"pivot": [3.9, 5.6, 0],
					"rotation": [0, 0, -27.5],
					"cubes": [
						{"origin": [3, 2.6, -1], "size": [2, 4, 2], "uv": [23, 0]}
					]
				},
				{
					"name": "right_arm",
					"parent": "body",
					"pivot": [-3.9, 5.6, 0],
					"rotation": [0, 0, 27.5],
					"cubes": [
						{"origin": [-5, 2.6, -1], "size": [2, 4, 2], "uv": [23, 0], "mirror": true}
					]
				},
				{
					"name": "accessories",
					"parent": "body",
					"pivot": [0, 2, -1]
				},
				{
					"name": "fishing_rod",
					"parent": "accessories",
					"pivot": [0, 5.5, -5.5],
					"rotation": [-50, 0, 0],
					"cubes": [
						{"origin": [-0.5, 5, -15], "size": [1, 1, 10], "uv": [30, 0]},
						{"origin": [-2.5, 4.4, -15.1], "size": [5, 4, 0], "pivot": [0, 7.5, -14], "rotation": [27.5, 0, 0], "uv": [28, 18]}
					]
				},
				{
					"name": "fishing_rod_2",
					"parent": "fishing_rod",
					"pivot": [0, 5, -14],
					"rotation": [50, 0, 0],
					"cubes": [
						{"origin": [0, -5.5, -14.5], "size": [0, 11, 1], "uv": [52, -1]}
					]
				},
				{
					"name": "fishing_rod_3",
					"parent": "fishing_rod_2",
					"pivot": [0, -5.5, -14],
					"cubes": [
						{"origin": [-1, -7.5, -15], "size": [2, 2, 2], "uv": [54, 0]}
					]
				},
				{
					"name": "umbrella2",
					"parent": "body",
					"pivot": [3, 6.5, -5.2],
					"rotation": [2.5, 142.5, 2.5],
					"cubes": [
						{"origin": [0.5, 16, -7.7], "size": [5, 2, 5], "uv": [33, 57]},
						{"origin": [-3.5, 17, -11.7], "size": [13, 0, 13], "uv": [20, 24]},
						{"origin": [2.5, 6, -5.7], "size": [1, 10, 1], "uv": [0, 53]}
					]
				},
				{
					"name": "right_leg",
					"parent": "main",
					"pivot": [-2, 2.1, -0.5],
					"cubes": [
						{"origin": [-3, 0, -1.5], "size": [2, 2, 2], "uv": [8, 25], "mirror": true},
						{"origin": [-4, 0, -2.5], "size": [3, 0, 3], "uv": [0, 31], "mirror": true}
					]
				},
				{
					"name": "left_leg",
					"parent": "main",
					"pivot": [2, 2.1, -0.5],
					"cubes": [
						{"origin": [1, 0, -1.5], "size": [2, 2, 2], "uv": [8, 25]},
						{"origin": [1, 0, -2.5], "size": [3, 0, 3], "uv": [0, 31]}
					]
				}
			]
		}
	]
}