{
    "textures": {
        "valley": {
            "antique_atlas:base/sand": 3,
            "antique_atlas:biome/arid/desert/sand_1": 3,
            "antique_atlas:biome/arid/desert/sand_cacti_sparse": 1,
            "antique_atlas:biome/arid/desert/sand_cacti": 3,
            "antique_atlas:biome/arid/desert/sand_palm": 4
        },
        "high": {
            "antique_atlas:biome/arid/desert/sand_hills_low": 6,
            "antique_atlas:biome/arid/desert/sand_cacti_sparse_hills_low": 1,
            "antique_atlas:biome/arid/desert/sand_cacti_hills_low": 3,
            "antique_atlas:biome/arid/desert/sand_palm_hills_low": 4
        }
    }
}