{
    "textures": {
        "valley": {
            "antique_atlas:base/sand": 3,
            "antique_atlas:biome/arid/desert/sand_1": 3,
            "antique_atlas:biome/arid/desert/sand_shrubs": 2,
            "antique_atlas:biome/arid/desert/sand_palm": 1,
            "antique_atlas:biome/arid/desert/sand_daisies": 3
        },
        "mid": {
            "antique_atlas:biome/arid/desert/sand_hills_low": 6,
            "antique_atlas:biome/arid/desert/shrubs_hills_low": 2,
            "antique_atlas:biome/arid/desert/sand_palm_hills_low": 1,
            "antique_atlas:biome/arid/desert/sand_daisies_hills_low": 3
        }
    }
}