{
	"textures": {
		"valley": {
			"antique_atlas:biome/arid/badlands/desert/sand_1": 2,
			"antique_atlas:biome/arid/badlands/desert/sand_cacti_sparse": 1,
			"antique_atlas:biome/arid/badlands/desert/sand_shrubs": 4
		},
		"low": {
			"antique_atlas:biome/arid/badlands/terracotta_shrubs_tiered": 4,
			"antique_atlas:biome/arid/badlands/terracotta_tiered": 2,
			"antique_atlas:biome/arid/badlands/terracotta_tiered_rough": 2,
			"antique_atlas:biome/arid/badlands/terracotta_tiered_separate": 1
		},
		"peak": [
			"antique_atlas:biome/arid/badlands/shrubs_plateau_low",
			"antique_atlas:biome/arid/badlands/terracotta_plateau_low"
		]
	}
}
