{
    "textures": {
        "valley": {
            "antique_atlas:biome/arid/savanna/sand_grass": 2,
            "antique_atlas:biome/arid/savanna/sand_grass_3": 2,
            "antique_atlas:biome/arid/savanna/sand_grass_acacia_2_sparse": 1
        },
        "mid": {
            "antique_atlas:biome/arid/savanna/sand_grass_hills_low": 2,
            "antique_atlas:biome/arid/savanna/sand_grass_3_hills_low": 2,
            "antique_atlas:biome/arid/savanna/sand_grass_acacia_2_sparse_hills_low": 1
        },
        "peak": {
            "antique_atlas:biome/arid/savanna/sand_grass_hills": 2,
            "antique_atlas:biome/arid/savanna/sand_grass_3_hills": 2,
            "antique_atlas:biome/arid/savanna/sand_grass_acacia_2_sparse_hills": 1
        }
    }
}