[
   {
    "id": "galosphere/b_cluster",
    "type": "dimdoors:id"
  },
  {
    "id": "galosphere/b_tut_passage",
    "type": "dimdoors:id"
  },
  {
    "id": "galosphere/y_cluster",
    "type": "dimdoors:id"
  },
  {
    "id": "galosphere/y_tut_passage",
    "type": "dimdoors:id"
  },
  {
    "id": "galosphere/death_or_ascension",
    "type": "dimdoors:id"
  },
  {
    "id": "galosphere/lichen_escape",
    "type": "dimdoors:id"
  },
  {
    "id": "galosphere/lichen_spectre_escape",
    "type": "dimdoors:id"
  }
]
