{
	"credit": "Made by @ThatJadenXgamer",
	"parent": "block/block",
	"textures": {
		"particle": "soulfulnether:block/fright_planks",
		"texture": "soulfulnether:block/fright_button"
	},
	"elements": [
		{
			"from": [5, 6, 6],
			"to": [11, 10, 10],
			"faces": {
				"north": {"uv": [5, 6, 11, 10], "texture": "#texture"},
				"east": {"uv": [16, 12, 12, 16], "texture": "#texture"},
				"south": {"uv": [5, 6, 11, 10], "texture": "#texture"},
				"west": {"uv": [12, 12, 16, 16], "texture": "#texture"},
				"up": {"uv": [5, 10, 11, 6], "texture": "#texture"},
				"down": {"uv": [5, 6, 11, 10], "texture": "#texture"}
			}
		}
	]
}