{
	"credit": "Made with Blockbench",
	"ambientocclusion": false,
	"textures": {
		"1": "block/twisting_vines/glow/left_branch",
		"2": "block/twisting_vines/glow/right_branch",
		"3": "block/twisting_vines/glow/branch",
		"1glow": "block/twisting_vines/glow/left_branch_glow",
		"2glow": "block/twisting_vines/glow/right_branch_glow",
		"3glow": "block/twisting_vines/glow/branch_glow",
		"particle": "block/twisting_vines/glow/plant",
		"cross": "block/twisting_vines/glow/plant",
		"glow": "block/twisting_vines/glow/plant_glow"
	},
	"elements": [
		{
			"from": [0.8, 0, 8],
			"to": [15.2, 16, 8],
			"shade": false,
			"rotation": {"angle": 45, "axis": "y", "origin": [8, 8, 8], "rescale": true},
			"faces": {
				"north": {"uv": [0, 0, 16, 16], "texture": "#cross"},
				"south": {"uv": [0, 0, 16, 16], "texture": "#cross"}
			}
		},
		{
			"from": [8, 0, 0.8],
			"to": [8, 16, 15.2],
			"shade": false,
			"rotation": {"angle": 45, "axis": "y", "origin": [8, 8, 8], "rescale": true},
			"faces": {
				"east": {"uv": [0, 0, 16, 16], "texture": "#2"},
				"west": {"uv": [0, 0, 16, 16], "texture": "#1"}
			}
		},
		{
			"from": [8, 0, -13.2],
			"to": [8, 16, 1.2],
			"shade": false,
			"rotation": {"angle": 45, "axis": "y", "origin": [8, 8, 8], "rescale": true},
			"faces": {
				"east": {"uv": [16, 0, 0, 16], "texture": "#3"},
				"west": {"uv": [0, 0, 16, 16], "texture": "#3"}
			}
		},

		{
			"from": [0.8, 0, 8],
			"to": [15.2, 16, 8],
			"shade": false,
			"rotation": {"angle": 45, "axis": "y", "origin": [8, 8, 8], "rescale": true},
			"faces": {
				"north": {"uv": [0, 0, 16, 16], "texture": "#glow"},
				"south": {"uv": [0, 0, 16, 16], "texture": "#glow"}
			},
			"forge_data": {"block_light": 10}
		},
		{
			"from": [8, 0, 0.8],
			"to": [8, 16, 15.2],
			"shade": false,
			"rotation": {"angle": 45, "axis": "y", "origin": [8, 8, 8], "rescale": true},
			"faces": {
				"east": {"uv": [0, 0, 16, 16], "texture": "#2glow"},
				"west": {"uv": [0, 0, 16, 16], "texture": "#1glow"}
			},
			"forge_data": {"block_light": 10}
		},
		{
			"from": [8, 0, -13.2],
			"to": [8, 16, 1.2],
			"shade": false,
			"rotation": {"angle": 45, "axis": "y", "origin": [8, 8, 8], "rescale": true},
			"faces": {
				"east": {"uv": [16, 0, 0, 16], "texture": "#3glow"},
				"west": {"uv": [0, 0, 16, 16], "texture": "#3glow"}
			},
			"forge_data": {"block_light": 10}
		}
	],
	"display": {}
}