{
  "type": "dimdoors:schematic",
  "setup_loot": true,
  "id": "galosphere/fork",
  "builder": {
    "type": "dimdoors:lazy_gen_pocket"
  },
  "modifiers": [
    {
      "type": "dimdoors:rift_data",
      "ids": [0],
      "rift_data": "dimdoors:rift_data/pocket_entrance"
    },
    {
      "type": "dimdoors:rift_data",
      "ids": [1],
      "rift_data": "dimdoors:rift_data/default_galosphere"
    },
    {
      "type": "dimdoors:rift_data",
      "ids": [2],
      "rift_data": "dimdoors:rift_data/default_galosphere"
    }
  ]
}
