{
	"textures": {
		"valley": [
			"antique_atlas:base/flat",
			"antique_atlas:biome/flatland/plains/grass_3",
			"antique_atlas:biome/flatland/plains/grass_oak_sparse",
			"antique_atlas:biome/flatland/plains/grass_oak_fancy_tall_sparse",
			"antique_atlas:biome/flatland/plains/grass_oak_fancy_sparse"
		],
		"high": {
			"antique_atlas:biome/flatland/plains/grass_hills_low": 4,
			"antique_atlas:biome/flatland/plains/grass_oak_sparse_hills_low": 1,
			"antique_atlas:biome/flatland/plains/grass_oak_fancy_tall_sparse_hills_low": 1,
			"antique_atlas:biome/flatland/plains/grass_oak_fancy_sparse_hills_low": 1
		},
		"peak": "antique_atlas:biome/flatland/plains/grass_hills"
	}
}
