{
	"textures": {
		"valley": {
            "antique_atlas:biome/flatland/plains/grass_bushes": 6,
			"antique_atlas:biome/flatland/plains/grass_oak_fancy_tall_sparse": 1
		},
		"high": {
            "antique_atlas:biome/flatland/plains/grass_bushes_hills_low": 6,
			"antique_atlas:biome/flatland/plains/grass_oak_fancy_tall_sparse_hills_low": 1
        },
		"peak": {
            "antique_atlas:biome/flatland/plains/grass_bushes_hills": 6,
			"antique_atlas:biome/flatland/plains/grass_oak_fancy_tall_sparse_hills": 1
        }
	}
}
