{
	"textures": {
		"valley": {
            "antique_atlas:base/grass": 2,
            "antique_atlas:biome/flatland/plains/grass_3": 2,
            "antique_atlas:biome/flatland/plains/grass_bushes": 2
		},
		"high": {
            "antique_atlas:biome/flatland/plains/grass_hills_low": 4,
            "antique_atlas:biome/flatland/plains/grass_bushes_hills_low": 2
        },
		"peak": {
            "antique_atlas:biome/flatland/plains/grass_hills": 4,
            "antique_atlas:biome/flatland/plains/grass_bushes_hills": 2
        }
	}
}
