{
	"textures": {
		"valley": [
			"antique_atlas:biome/arid/savanna/grass_acacia_1",
			"antique_atlas:biome/arid/savanna/grass_acacia_2",
			"antique_atlas:biome/arid/savanna/grass_acacia_3"
		],
		"peak": {
			"antique_atlas:biome/arid/savanna/plateau/grass_plateau_1": 2,
			"antique_atlas:biome/arid/savanna/plateau/grass_plateau_2": 2,
			"antique_atlas:biome/arid/savanna/plateau/grass_plateau_3": 2,
			"antique_atlas:biome/arid/savanna/plateau/grass_acacia_plateau_1": 1,
			"antique_atlas:biome/arid/savanna/plateau/grass_acacia_plateau_2": 1,
			"antique_atlas:biome/arid/savanna/plateau/grass_acacia_plateau_3": 1
		}
	}
}
