{
	"textures": {
		"valley": {
			"antique_atlas:biome/arid/badlands/desert/sand_1": 2,
			"antique_atlas:biome/arid/badlands/desert/sand_cacti_sparse": 1,
			"antique_atlas:biome/arid/badlands/desert/sand_shrubs": 4,
            "antique_atlas:biome/woodland/taiga/old_growth_pine/podzol_pine_mega_pine": 3
		},
		"high": {
			"antique_atlas:biome/arid/badlands/terracotta_shrubs_tiered": 4,
			"antique_atlas:biome/arid/badlands/terracotta_tiered": 2,
			"antique_atlas:biome/arid/badlands/terracotta_tiered_rough": 2,
			"antique_atlas:biome/arid/badlands/terracotta_tiered_separate": 1,
            "antique_atlas:biome/woodland/taiga/old_growth_pine/podzol_mega_pine_spruce_hills_low": 3
		}
	}
}
