{
	"textures": {
		"valley": {
            "antique_atlas:biome/arid/desert/sand_1": 5,
            "antique_atlas:biome/arid/desert/sand_palm": 1,
            "antique_atlas:biome/arid/desert/sand_shrubs": 3
		},
		"mid": {
            "antique_atlas:biome/arid/desert/sand_hills_low": 5,
			"antique_atlas:biome/arid/desert/sand_palm_hills_low": 1,
            "antique_atlas:biome/arid/desert/shrubs_hills_low": 3
		},
        "peak": "antique_atlas:biome/highland/peaks/stony/smooth_mountains"
	}
}
