{
	"textures": {
		"valley": {
			"antique_atlas:base/grass": 2,
			"antique_atlas:biome/flatland/plains/grass_3": 2,
			"antique_atlas:biome/flatland/plains/grass_oak_sparse": 1,
			"antique_atlas:biome/flatland/plains/grass_oak_fancy_tall_sparse": 1,
			"antique_atlas:biome/flatland/plains/grass_oak_fancy_sparse": 1
        },
		"high": {
			"antique_atlas:biome/flatland/plains/grass_hills_low": 4,
			"antique_atlas:biome/flatland/plains/grass_oak_sparse_hills_low": 1,
			"antique_atlas:biome/flatland/plains/grass_oak_fancy_tall_sparse_hills_low": 1,
			"antique_atlas:biome/flatland/plains/grass_oak_fancy_sparse_hills_low": 1
		},
		"peak": {
			"antique_atlas:biome/flatland/plains/grass_hills": 4,
			"antique_atlas:biome/flatland/plains/grass_oak_sparse_hills": 1,
			"antique_atlas:biome/flatland/plains/grass_oak_fancy_tall_sparse_hills": 1,
			"antique_atlas:biome/flatland/plains/grass_oak_fancy_sparse_hills": 1
		}
	}
}
