{
    "textures": {
        "valley": {
            "antique_atlas:biome/arid/savanna/sand_grass": 1,
            "antique_atlas:biome/arid/savanna/sand_grass_3": 1,
            "antique_atlas:biome/arid/desert/sand_palm": 4
        },
        "mid": {
            "antique_atlas:biome/arid/savanna/sand_grass_hills_low": 1,
            "antique_atlas:biome/arid/savanna/sand_grass_3_hills_low": 1,
            "antique_atlas:biome/arid/desert/sand_palm_hills_low": 4
        },
        "peak": {
            "antique_atlas:biome/arid/savanna/sand_grass_hills": 1,
            "antique_atlas:biome/arid/savanna/sand_grass_3_hills": 1
        }
    }
}