{
	"textures": {
		"valley": [
			"antique_atlas:biome/woodland/jungle/sparse/grass_palm",
			"antique_atlas:biome/woodland/jungle/sparse/grass_oak_swamp_1",
			"antique_atlas:biome/woodland/jungle/sparse/grass_oak_swamp_2",
			"antique_atlas:base/grass",
			"antique_atlas:biome/flatland/plains/grass_3"
		],
		"peak": {
			"antique_atlas:biome/woodland/jungle/sparse/grass_palm_hills": 1,
			"antique_atlas:biome/woodland/jungle/sparse/grass_oak_swamp_hills_1": 1,
			"antique_atlas:biome/woodland/jungle/sparse/grass_oak_swamp_hills_2": 1,
			"antique_atlas:biome/flatland/plains/grass_hills": 2
		}
	}
}
