{
	"credit": "hatsondogs",
	"textures": {
		"0": "caverns_and_chasms:block/brazier_top",
		"1": "caverns_and_chasms:block/brazier_base",
		"2": "caverns_and_chasms:block/brazier_bottom",
		"3": "caverns_and_chasms:block/brazier_side",
		"particle": "caverns_and_chasms:block/brazier_top"
	},
	"elements": [
		{
			"from": [1, 4, 1],
			"to": [15, 14, 15],
			"faces": {
				"north": {"uv": [1, 2, 15, 12], "texture": "#3"},
				"east": {"uv": [1, 2, 15, 12], "texture": "#3"},
				"south": {"uv": [1, 2, 15, 12], "texture": "#3"},
				"west": {"uv": [1, 2, 15, 12], "texture": "#3"},
				"down": {"uv": [1, 1, 15, 15], "texture": "#2"}
			}
		},
		{
			"from": [2, 0.01, 2],
			"to": [14, 4.01, 14],
			"faces": {
				"north": {"uv": [2, 12, 14, 16], "texture": "#3"},
				"east": {"uv": [2, 12, 14, 16], "texture": "#3"},
				"south": {"uv": [2, 12, 14, 16], "texture": "#3"},
				"west": {"uv": [2, 12, 14, 16], "texture": "#3"},
				"down": {"uv": [2, 2, 14, 14], "texture": "#1"}
			}
		},
		{
			"from": [14, 4.01, 14],
			"to": [2, 0.01, 2],
			"faces": {
				"north": {"uv": [2, 12, 14, 16], "rotation": 180, "texture": "#3"},
				"east": {"uv": [2, 12, 14, 16], "rotation": 180, "texture": "#3"},
				"south": {"uv": [2, 12, 14, 16], "rotation": 180, "texture": "#3"},
				"west": {"uv": [2, 12, 14, 16], "rotation": 180, "texture": "#3"},
				"up": {"uv": [2, 2, 14, 14], "texture": "#1"}
			}
		},
		{
			"from": [1, 8, 1],
			"to": [15, 8, 15],
			"faces": {
				"up": {"uv": [1, 1, 15, 15], "texture": "#0"}
			}
		},
		{
			"from": [0.75, 8.75, 0.75],
			"to": [15.25, 11.25, 15.25],
			"faces": {
				"north": {"uv": [1, 5, 15, 7], "texture": "#3"},
				"east": {"uv": [1, 5, 15, 7], "texture": "#3"},
				"south": {"uv": [1, 5, 15, 7], "texture": "#3"},
				"west": {"uv": [1, 5, 15, 7], "texture": "#3"}
			}
		},
		{
			"from": [15, 14, 15],
			"to": [1, 4, 1],
			"faces": {
				"north": {"uv": [1, 2, 15, 12], "rotation": 180, "texture": "#3"},
				"east": {"uv": [1, 2, 15, 12], "rotation": 180, "texture": "#3"},
				"south": {"uv": [1, 2, 15, 12], "rotation": 180, "texture": "#3"},
				"west": {"uv": [1, 2, 15, 12], "rotation": 180, "texture": "#3"},
				"up": {"uv": [1, 1, 15, 15], "texture": "#2"}
			}
		}
	]
}