{
    "blend": {
        "func": "add",
        "srcrgb": "one",
        "dstrgb": "zero"
    },
    "vertex": "sobel",
    "fragment": "expanded_shaders:aspect_ratio",
    "attributes": [ "Position" ],
    "samplers": [
        { "name": "DiffuseSampler" }
    ],
    "uniforms": [
        { "name": "ProjMat", "type": "matrix4x4", "count": 16, "values": [ 1.0, 0.0, 0.0, 0.0, 0.0, 1.0, 0.0, 0.0, 0.0, 0.0, 1.0, 0.0, 0.0, 0.0, 0.0, 1.0 ] },
        { "name": "InSize",  "type": "float",     "count": 2,  "values": [ 1.0, 1.0 ] },
        { "name": "OutSize", "type": "float",     "count": 2,  "values": [ 1.0, 1.0 ] },
        { "name": "Ratio",   "type": "float",     "count": 2,  "values": [ 16.0, 9.0 ] },
        { "name": "Scale",   "type": "float",     "count": 2,  "values": [ 1.0, 1.0 ] }
    ]
}