{
    "blend": {
        "func": "add",
        "srcrgb": "one",
        "dstrgb": "zero"
    },
    "vertex": "sobel",
    "fragment": "expanded_shaders:checkerboard",
    "attributes": [ "Position" ],
    "samplers": [
        { "name": "DiffuseSampler" }
    ],
    "uniforms": [
        { "name": "ProjMat",   "type": "matrix4x4", "count": 16, "values": [ 1.0, 0.0, 0.0, 0.0, 0.0, 1.0, 0.0, 0.0, 0.0, 0.0, 1.0, 0.0, 0.0, 0.0, 0.0, 1.0 ] },
        { "name": "InSize",    "type": "float",     "count": 2,  "values": [ 1.0, 1.0 ] },
        { "name": "OutSize",   "type": "float",     "count": 2,  "values": [ 1.0, 1.0 ] },
        { "name": "Offset",    "type": "float",     "count": 2,  "values": [ 0.5, 0.5 ] },
        { "name": "Centering", "type": "float",     "count": 1,  "values": [ 0.0 ] }
    ]
}
