{
    "blend": {
        "func": "add",
        "srcrgb": "one",
        "dstrgb": "zero"
    },
    "vertex": "sobel",
    "fragment": "expanded_shaders:color_brightness_threshold",
    "attributes": [ "Position" ],
    "samplers": [
        { "name": "DiffuseSampler" }
    ],
    "uniforms": [
        { "name": "ProjMat",             "type": "matrix4x4", "count": 16, "values": [ 1.0, 0.0, 0.0, 0.0, 0.0, 1.0, 0.0, 0.0, 0.0, 0.0, 1.0, 0.0, 0.0, 0.0, 0.0, 1.0 ] },
        { "name": "InSize",              "type": "float",     "count": 2,  "values": [ 1.0, 1.0 ] },
        { "name": "OutSize",             "type": "float",     "count": 2,  "values": [ 1.0, 1.0 ] },
        { "name": "ThresholdBrightness", "type": "float",     "count": 1,  "values": [ 1.0 ] },
        { "name": "ThresholdSlope",      "type": "float",     "count": 1,  "values": [ 5.0 ] },
        { "name": "Luminance",           "type": "float",     "count": 3,  "values": [ 0.2126, 0.7152, 0.0722 ] }
    ]
}
