{
    "blend": {
        "func": "add",
        "srcrgb": "one",
        "dstrgb": "zero"
    },
    "vertex": "sobel",
    "fragment": "expanded_shaders:difference",
    "attributes": [ "Position" ],
    "samplers": [
        { "name": "DiffuseSampler" },
        { "name": "SubtractSampler" }
    ],
    "uniforms": [
        { "name": "ProjMat",  "type": "matrix4x4", "count": 16, "values": [ 1.0, 0.0, 0.0, 0.0, 0.0, 1.0, 0.0, 0.0, 0.0, 0.0, 1.0, 0.0, 0.0, 0.0, 0.0, 1.0 ] },
        { "name": "InSize",   "type": "float",     "count": 2,  "values": [ 1.0, 1.0 ] },
        { "name": "OutSize",  "type": "float",     "count": 2,  "values": [ 1.0, 1.0 ] },
        { "name": "Color",    "type": "float",     "count": 3,  "values": [ 0.5, 0.5, 0.5 ] },
        { "name": "Scale",    "type": "float",     "count": 1,  "values": [ 1.0 ] }
    ]
}
