{
    "blend": {
        "func": "add",
        "srcrgb": "one",
        "dstrgb": "zero"
    },
    "vertex": "sobel",
    "fragment": "expanded_shaders:hyperspace",
    "attributes": [ "Position" ],
    "samplers": [
        { "name": "DiffuseSampler" }
    ],
    "uniforms": [
        { "name": "ProjMat",    "type": "matrix4x4", "count": 16, "values": [ 1.0, 0.0, 0.0, 0.0, 0.0, 1.0, 0.0, 0.0, 0.0, 0.0, 1.0, 0.0, 0.0, 0.0, 0.0, 1.0 ] },
        { "name": "InSize",     "type": "float",     "count": 2,  "values": [ 1.0, 1.0 ] },
        { "name": "OutSize",    "type": "float",     "count": 2,  "values": [ 1.0, 1.0 ] },
        { "name": "Center",     "type": "float",     "count": 2,  "values": [ 0.5, 0.5 ] },
        { "name": "Multiplier", "type": "float",     "count": 1,  "values": [ 0.996 ] },
        { "name": "Steps",      "type": "float",     "count": 1,  "values": [ 32 ] }
    ]
}
