{
    "blend": {
        "func": "add",
        "srcrgb": "one",
        "dstrgb": "zero"
    },
    "vertex": "sobel",
    "fragment": "expanded_shaders:toon",
    "attributes": [ "Position" ],
    "samplers": [
        { "name": "DiffuseSampler" },
        { "name": "ASampler" },
        { "name": "BSampler" }
    ],
    "uniforms": [
        { "name": "ProjMat",      "type": "matrix4x4", "count": 16, "values": [ 1.0, 0.0, 0.0, 0.0, 0.0, 1.0, 0.0, 0.0, 0.0, 0.0, 1.0, 0.0, 0.0, 0.0, 0.0, 1.0 ] },
        { "name": "InSize",       "type": "float",     "count": 2,  "values": [ 1.0, 1.0 ] },
        { "name": "OutSize",      "type": "float",     "count": 2,  "values": [ 1.0, 1.0 ] },
        { "name": "OutlineStep",  "type": "float",     "count": 1,  "values": [ 0.02 ] },
        { "name": "ColorSteps",   "type": "float",     "count": 1,  "values": [ 10.0 ] },
        { "name": "ColorBoost",   "type": "float",     "count": 1,  "values": [ 1.25 ] },
        { "name": "Darkening",    "type": "float",     "count": 1,  "values": [ 0.25 ] },
        { "name": "Convolution",  "type": "float",     "count": 1,  "values": [ 0.25 ] }
    ]
}
