{
	"credit": "Made by @ThatJadenXgamer",
	"ambientocclusion": false,
	"render_type": "minecraft:cutout",
	"textures": {
		"1": "netherexp:block/brazier_chest_side_lit",
		"2": "netherexp:block/brazier_chest_top_lit",
		"glow1": "netherexp:block/brazier_chest_side_lit_glow",
		"glow2": "netherexp:block/brazier_chest_top_lit_glow",
		"3": "netherexp:block/brazier_chest_bars_lit",
		"4": "netherexp:block/chiseled_soul_slate_tiles_top",
		"5": "netherexp:block/brazier_chest_front_lit",
		"glow5": "netherexp:block/brazier_chest_front_lit_glow",
		"6": "netherexp:block/brazier_chest_flame",
		"particle": "netherexp:block/brazier_chest_side_lit"
	},
	"elements": [
		{
			"from": [0, 0, 0],
			"to": [16, 16, 16],
			"faces": {
				"north": {"uv": [0, 0, 16, 16], "texture": "#5", "cullface": "north"},
				"east": {"uv": [0, 0, 16, 16], "texture": "#1", "cullface": "east"},
				"south": {"uv": [0, 0, 16, 16], "texture": "#1", "cullface": "south"},
				"west": {"uv": [0, 0, 16, 16], "texture": "#1", "cullface": "west"},
				"up": {"uv": [0, 0, 16, 16], "texture": "#2", "cullface": "up"},
				"down": {"uv": [0, 0, 16, 16], "texture": "#4", "cullface": "down"}
			}
		},
		{
			"from": [0, 0, 0],
			"to": [16, 16, 16],
			"forge_data": {"block_light": 15},
			"shade": false,
			"faces": {
				"north": {"uv": [0, 0, 16, 16], "texture": "#glow5", "cullface": "north"},
				"east": {"uv": [0, 0, 16, 16], "texture": "#glow1", "cullface": "east"},
				"south": {"uv": [0, 0, 16, 16], "texture": "#glow1", "cullface": "south"},
				"west": {"uv": [0, 0, 16, 16], "texture": "#glow1", "cullface": "west"},
				"up": {"uv": [0, 0, 16, 16], "texture": "#glow2", "cullface": "up"}
			}
		},
		{
			"from": [1, 16, 1],
			"to": [15, 21, 15],
			"faces": {
				"north": {"uv": [1, 11, 15, 16], "texture": "#3", "cullface": "up"},
				"east": {"uv": [1, 11, 15, 16], "texture": "#3", "cullface": "up"},
				"south": {"uv": [1, 11, 15, 16], "texture": "#3", "cullface": "up"},
				"west": {"uv": [1, 11, 15, 16], "texture": "#3", "cullface": "up"}
			}
		},
		{
			"name": "cube inverted",
			"from": [15, 21, 15],
			"to": [1, 16, 1],
			"faces": {
				"north": {"uv": [1, 16, 15, 11], "texture": "#3", "cullface": "up"},
				"east": {"uv": [1, 16, 15, 11], "texture": "#3", "cullface": "up"},
				"south": {"uv": [1, 16, 15, 11], "texture": "#3", "cullface": "up"},
				"west": {"uv": [1, 16, 15, 11], "texture": "#3", "cullface": "up"}
			}
		},
		{
			"from": [8, 16, -0.25],
			"to": [8, 32, 16],
			"forge_data": {"block_light": 15},
			"shade": false,
			"rotation": {"angle": -45, "axis": "y", "origin": [8, 24, 8]},
			"faces": {
				"north": {"uv": [1, 0, 15, 16], "texture": "#6", "cullface": "up"},
				"east": {"uv": [1, 0, 15, 16], "texture": "#6", "cullface": "up"},
				"south": {"uv": [1, 0, 15, 16], "texture": "#6", "cullface": "up"},
				"west": {"uv": [1, 0, 15, 16], "texture": "#6", "cullface": "up"}
			}
		},
		{
			"from": [8, 16, 0],
			"to": [8, 32, 16.25],
			"forge_data": {"block_light": 15},
			"shade": false,
			"rotation": {"angle": 45, "axis": "y", "origin": [8, 24, 8]},
			"faces": {
				"north": {"uv": [1, 0, 15, 16], "texture": "#6", "cullface": "up"},
				"east": {"uv": [1, 0, 15, 16], "texture": "#6", "cullface": "up"},
				"south": {"uv": [1, 0, 15, 16], "texture": "#6", "cullface": "up"},
				"west": {"uv": [1, 0, 15, 16], "texture": "#6", "cullface": "up"}
			}
		}
	],
	"display": {
		"thirdperson_righthand": {
			"rotation": [75, 45, 0],
			"translation": [0, 2.5, 0],
			"scale": [0.375, 0.375, 0.375]
		},
		"thirdperson_lefthand": {
			"rotation": [75, 45, 0],
			"translation": [0, 2.5, 0],
			"scale": [0.375, 0.375, 0.375]
		},
		"firstperson_righthand": {
			"rotation": [0, 45, 0],
			"scale": [0.4, 0.4, 0.4]
		},
		"firstperson_lefthand": {
			"rotation": [0, 225, 0],
			"scale": [0.4, 0.4, 0.4]
		},
		"ground": {
			"translation": [0, 3, 0],
			"scale": [0.25, 0.25, 0.25]
		},
		"gui": {
			"rotation": [30, 225, 0],
			"scale": [0.625, 0.625, 0.625]
		},
		"fixed": {
			"scale": [0.5, 0.5, 0.5]
		}
	}
}