{
	"credit": "Made by @ThatJadenXgamer",
	"parent": "block/block",
	"texture_size": [32, 32],
	"textures": {
		"3": "netherexp:block/claret_fence_gate",
		"particle": "netherexp:block/claret_planks"
	},
	"elements": [
		{
			"name": "Upper horizontal bar of right-hand gate door",
			"from": [14, 9, 9],
			"to": [16, 12, 13],
			"rotation": {"angle": 0, "axis": "y", "origin": [10.5, 10.5, 8]},
			"faces": {
				"north": {"uv": [0, 0, 0, 0], "texture": "#3"},
				"east": {"uv": [5, 0.5, 7, 2], "texture": "#3"},
				"south": {"uv": [0, 0, 0, 0], "texture": "#3"},
				"west": {"uv": [1, 0.5, 3, 2], "texture": "#3"},
				"up": {"uv": [3, 9.5, 1, 10.5], "rotation": 270, "texture": "#3"},
				"down": {"uv": [3, 11.5, 1, 12.5], "rotation": 90, "texture": "#3"}
			}
		},
		{
			"name": "Lower horizontal bar of right-hand gate door",
			"from": [14, 3, 9],
			"to": [16, 6, 13],
			"rotation": {"angle": 0, "axis": "y", "origin": [10.5, 10.5, 8]},
			"faces": {
				"north": {"uv": [0, 0, 0, 0], "texture": "#3"},
				"east": {"uv": [5, 3.5, 7, 5], "texture": "#3"},
				"south": {"uv": [0, 0, 0, 0], "texture": "#3"},
				"west": {"uv": [1, 3.5, 3, 5], "texture": "#3"},
				"up": {"uv": [3, 9.5, 1, 10.5], "rotation": 270, "texture": "#3"},
				"down": {"uv": [3, 10.5, 1, 11.5], "rotation": 90, "texture": "#3"}
			}
		},
		{
			"name": "Inner vertical post of right-hand gate door",
			"from": [14, 3, 13],
			"to": [16, 12, 15],
			"rotation": {"angle": 0, "axis": "y", "origin": [10.5, 10.5, 8]},
			"faces": {
				"north": {"uv": [4, 11.5, 5, 16], "texture": "#3"},
				"east": {"uv": [4, 0.5, 5, 5], "texture": "#3"},
				"south": {"uv": [3, 11.5, 4, 16], "texture": "#3"},
				"west": {"uv": [3, 0.5, 4, 5], "texture": "#3"},
				"up": {"uv": [3, 9.5, 4, 10.5], "rotation": 270, "texture": "#3"},
				"down": {"uv": [3, 10.5, 4, 11.5], "rotation": 90, "texture": "#3"}
			}
		},
		{
			"name": "Inner vertical post of left-hand gate door",
			"from": [0, 3, 13],
			"to": [2, 12, 15],
			"rotation": {"angle": 0, "axis": "y", "origin": [4, 10.5, 8]},
			"faces": {
				"north": {"uv": [4, 11.5, 5, 16], "texture": "#3"},
				"east": {"uv": [4, 0.5, 5, 5], "texture": "#3"},
				"south": {"uv": [3, 11.5, 4, 16], "texture": "#3"},
				"west": {"uv": [3, 0.5, 4, 5], "texture": "#3"},
				"up": {"uv": [4, 9.5, 5, 10.5], "rotation": 90, "texture": "#3"},
				"down": {"uv": [4, 10.5, 5, 11.5], "rotation": 270, "texture": "#3"}
			}
		},
		{
			"name": "Upper horizontal bar of left-hand gate door",
			"from": [0, 9, 9],
			"to": [2, 12, 13],
			"rotation": {"angle": 0, "axis": "y", "origin": [4, 10.5, 8]},
			"faces": {
				"north": {"uv": [0, 0, 0, 0], "texture": "#3"},
				"east": {"uv": [5, 0.5, 7, 2], "texture": "#3"},
				"south": {"uv": [0, 0, 0, 0], "texture": "#3"},
				"west": {"uv": [1, 0.5, 3, 2], "texture": "#3"},
				"up": {"uv": [7, 9.5, 5, 10.5], "rotation": 90, "texture": "#3"},
				"down": {"uv": [7, 11.5, 5, 12.5], "rotation": 270, "texture": "#3"}
			}
		},
		{
			"name": "Lower horizontal bar of left-hand gate door",
			"from": [0, 3, 9],
			"to": [2, 6, 13],
			"rotation": {"angle": 0, "axis": "y", "origin": [4, 10.5, 8]},
			"faces": {
				"north": {"uv": [0, 0, 0, 0], "texture": "#3"},
				"east": {"uv": [5, 3.5, 7, 5], "texture": "#3"},
				"south": {"uv": [0, 0, 0, 0], "texture": "#3"},
				"west": {"uv": [1, 3.5, 3, 5], "texture": "#3"},
				"up": {"uv": [7, 9.5, 5, 10.5], "rotation": 90, "texture": "#3"},
				"down": {"uv": [7, 10.5, 5, 11.5], "rotation": 270, "texture": "#3"}
			}
		},
		{
			"name": "Left-hand post",
			"from": [0, 2, 7],
			"to": [2, 13, 9],
			"rotation": {"angle": 0, "axis": "y", "origin": [4, 10.5, 8]},
			"faces": {
				"north": {"uv": [1, 0, 0, 5.5], "texture": "#3"},
				"east": {"uv": [16, 1, 15, 6.5], "texture": "#3"},
				"south": {"uv": [8, 0, 7, 5.5], "texture": "#3"},
				"west": {"uv": [15, 1, 14, 6.5], "texture": "#3"},
				"up": {"uv": [15, 0, 14, 1], "texture": "#3"},
				"down": {"uv": [16, 0, 15, 1], "texture": "#3"}
			}
		},
		{
			"name": "Right-hand post",
			"from": [14, 2, 7],
			"to": [16, 13, 9],
			"faces": {
				"north": {"uv": [0, 0, 1, 5.5], "texture": "#3"},
				"east": {"uv": [14, 1, 15, 6.5], "texture": "#3"},
				"south": {"uv": [7, 0, 8, 5.5], "texture": "#3"},
				"west": {"uv": [15, 1, 16, 6.5], "texture": "#3"},
				"up": {"uv": [14, 0, 15, 1], "texture": "#3"},
				"down": {"uv": [15, 0, 16, 1], "texture": "#3"}
			}
		}
	],
	"display": {
		"gui": {
			"rotation": [30, 45, 0],
			"translation": [0, -1, 0],
			"scale": [0.8, 0.8, 0.8]
		},
		"head": {
			"translation": [0, -3, -6]
		}
	},
	"groups": [
		{
			"name": "right",
			"origin": [0, 0, 0],
			"color": 0,
			"children": [0, 1, 2]
		},
		{
			"name": "left",
			"origin": [16, 0, 0],
			"color": 0,
			"children": [3, 4, 5]
		},
		6,
		7
	]
}