{
	"credit": "Made by @ThatJadenXgamer",
	"render_type": "minecraft:cutout",
	"texture_size": [64, 64],
	"textures": {
		"0": "netherexp:block/treacherous_candle",
		"glow": "netherexp:block/treacherous_candle_glow",
		"3": "netherexp:block/treacherous_candle_flame",
		"particle": "netherexp:block/treacherous_candle_particle"
	},
	"elements": [
		{
			"from": [3, 0, 3],
			"to": [13, 16, 13],
			"faces": {
				"north": {"uv": [2.5, 2.5, 5, 6.5], "texture": "#0"},
				"east": {"uv": [0, 2.5, 2.5, 6.5], "texture": "#0"},
				"south": {"uv": [7.5, 2.5, 10, 6.5], "texture": "#0"},
				"west": {"uv": [5, 2.5, 7.5, 6.5], "texture": "#0"},
				"up": {"uv": [5, 2.5, 2.5, 0], "texture": "#0"},
				"down": {"uv": [7.5, 0, 5, 2.5], "texture": "#0"}
			}
		},
		{
			"from": [3, 0, 3],
			"to": [13, 16, 13],
			"shade": false,
			"faces": {
				"north": {"uv": [2.5, 2.5, 5, 6.5], "texture": "#glow"},
				"east": {"uv": [0, 2.5, 2.5, 6.5], "texture": "#glow"},
				"south": {"uv": [7.5, 2.5, 10, 6.5], "texture": "#glow"},
				"west": {"uv": [5, 2.5, 7.5, 6.5], "texture": "#glow"},
				"up": {"uv": [5, 2.5, 2.5, 0], "texture": "#glow"},
				"down": {"uv": [7.5, 0, 5, 2.5], "texture": "#glow"}
			},
			"forge_data": {"block_light": 10}
		},
		{
			"from": [4, 18, 8],
			"to": [12, 30, 8],
			"rotation": {"angle": 0, "axis": "y", "origin": [8, 23, 8]},
			"faces": {
				"north": {"uv": [3, 0, 10, 12], "texture": "#3"},
				"south": {"uv": [3, 0, 10, 12], "texture": "#3"}
			},
			"forge_data": {"block_light": 15}
		},
		{
			"from": [4, 16, 8],
			"to": [12, 18, 8],
			"rotation": {"angle": 0, "axis": "y", "origin": [8, 23, 8]},
			"faces": {
				"north": {"uv": [3, 12, 10, 14], "texture": "#3"},
				"south": {"uv": [3, 12, 10, 14], "texture": "#3"}
			}
		}
	],
	"display": {
		"thirdperson_righthand": {
			"rotation": [75, 45, 0],
			"translation": [0, 2.5, 0],
			"scale": [0.375, 0.375, 0.375]
		},
		"thirdperson_lefthand": {
			"rotation": [75, 45, 0],
			"translation": [0, 2.5, 0],
			"scale": [0.375, 0.375, 0.375]
		},
		"firstperson_righthand": {
			"rotation": [0, 45, 0],
			"scale": [0.4, 0.4, 0.4]
		},
		"firstperson_lefthand": {
			"rotation": [0, 225, 0],
			"scale": [0.4, 0.4, 0.4]
		},
		"ground": {
			"translation": [0, 3, 0],
			"scale": [0.25, 0.25, 0.25]
		},
		"gui": {
			"rotation": [30, 225, 0],
			"translation": [0, -1, 0],
			"scale": [0.625, 0.625, 0.625]
		},
		"fixed": {
			"scale": [0.5, 0.5, 0.5]
		}
	}
}