{
	"credit": "Made by @ThatJadenXgamer",
	"texture_size": [64, 64],
	"render_type": "minecraft:cutout",
	"textures": {
		"0": "netherexp:block/treacherous_candle",
		"glow": "netherexp:block/treacherous_candle_glow",
		"particle": "netherexp:block/treacherous_candle_particle"
	},
	"elements": [
		{
			"from": [3, 0, 3],
			"to": [13, 16, 13],
			"faces": {
				"north": {"uv": [2.5, 2.5, 5, 6.5], "texture": "#0"},
				"east": {"uv": [0, 2.5, 2.5, 6.5], "texture": "#0"},
				"south": {"uv": [7.5, 2.5, 10, 6.5], "texture": "#0"},
				"west": {"uv": [5, 2.5, 7.5, 6.5], "texture": "#0"},
				"up": {"uv": [5, 2.5, 2.5, 0], "texture": "#0"},
				"down": {"uv": [7.5, 0, 5, 2.5], "texture": "#0"}
			}
		},
		{
			"from": [3, 0, 3],
			"to": [13, 16, 13],
			"shade": false,
			"faces": {
				"north": {"uv": [2.5, 2.5, 5, 6.5], "texture": "#glow"},
				"east": {"uv": [0, 2.5, 2.5, 6.5], "texture": "#glow"},
				"south": {"uv": [7.5, 2.5, 10, 6.5], "texture": "#glow"},
				"west": {"uv": [5, 2.5, 7.5, 6.5], "texture": "#glow"},
				"up": {"uv": [5, 2.5, 2.5, 0], "texture": "#glow"},
				"down": {"uv": [7.5, 0, 5, 2.5], "texture": "#glow"}
			},
			"forge_data": {"block_light": 10}
		},
		{
			"from": [7, 16, 8],
			"to": [9, 20, 8],
			"rotation": {"angle": 0, "axis": "y", "origin": [8, 23, 8]},
			"faces": {
				"north": {"uv": [0, 0, 0.5, 1], "texture": "#0"},
				"east": {"uv": [14, 0, 14, 3.5], "texture": "#0"},
				"south": {"uv": [0.5, 0, 1, 1], "texture": "#0"},
				"west": {"uv": [12, 0, 12, 3.5], "texture": "#0"},
				"up": {"uv": [12, 0, 12, -2], "rotation": 270, "texture": "#0"},
				"down": {"uv": [12, -2, 12, 0], "rotation": 90, "texture": "#0"}
			}
		}
	],
	"display": {
		"thirdperson_righthand": {
			"translation": [0, 3, 1],
			"scale": [0.55, 0.55, 0.55]
		},
		"thirdperson_lefthand": {
			"translation": [0, 3, 1],
			"scale": [0.55, 0.55, 0.55]
		},
		"firstperson_righthand": {
			"rotation": [10.5, 8, 0],
			"translation": [0, 3, 1],
			"scale": [0.55, 0.55, 0.55]
		},
		"firstperson_lefthand": {
			"rotation": [10.5, 8, 0],
			"translation": [0, 3, 1],
			"scale": [0.55, 0.55, 0.55]
		},
		"ground": {
			"translation": [0, 3, 0],
			"scale": [0.45, 0.45, 0.45]
		},
		"gui": {
			"rotation": [30, 225, 0],
			"scale": [0.74, 0.74, 0.74]
		},
		"head": {
			"translation": [0, 5.25, 0],
			"scale": [1.47, 1.47, 1.47]
		},
		"fixed": {
			"scale": [0.5, 0.5, 0.5]
		}
	}
}