{
"credit": "Made with Blockbench",
	"textures": {
		"1": "waystone_overlays/sharestone_color",
		"texture": "waystones:item/waystone/andesite_waystone",
		"particle": "block/andesite"
	},
	"elements": [
		{
			"from": [4, 0, 7.5],
			"to": [11, 15, 8.5],
			"faces": {
				"north": {"uv": [11, 1, 4, 16], "texture": "#texture"},
				"east": {"uv": [10, 1, 11, 16], "texture": "#texture"},
				"south": {"uv": [4, 1, 11, 16], "texture": "#texture"},
				"west": {"uv": [4, 1, 5, 16], "texture": "#texture"},
				"up": {"uv": [4, 1, 11, 2], "texture": "#texture"},
				"down": {"uv": [4, 15, 11, 16], "texture": "#texture"}
			}
		},
		{
			"from": [3, 1, 7.5],
			"to": [4, 6, 8.5],
			"faces": {
				"north": {"uv": [3, 10, 4, 15], "texture": "#texture"},
				"east": {"uv": [3, 10, 4, 15], "texture": "#texture"},
				"south": {"uv": [3, 10, 4, 15], "texture": "#texture"},
				"west": {"uv": [3, 10, 4, 15], "texture": "#texture"},
				"up": {"uv": [3, 10, 4, 11], "texture": "#texture"},
				"down": {"uv": [3, 14, 4, 15], "texture": "#texture"}
			}
		},
		{
			"from": [11, 1, 7.5],
			"to": [12, 6, 8.5],
			"faces": {
				"north": {"uv": [11, 10, 12, 15], "texture": "#texture"},
				"east": {"uv": [11, 10, 12, 15], "texture": "#texture"},
				"south": {"uv": [11, 10, 12, 15], "texture": "#texture"},
				"west": {"uv": [11, 10, 12, 15], "texture": "#texture"},
				"up": {"uv": [11, 10, 12, 11], "texture": "#texture"},
				"down": {"uv": [11, 14, 12, 15], "texture": "#texture"}
			}
		},
		{
			"from": [2, 2, 7.5],
			"to": [3, 5, 8.5],
			"faces": {
				"north": {"uv": [2, 11, 3, 14], "texture": "#texture"},
				"east": {"uv": [2, 11, 3, 14], "texture": "#texture"},
				"south": {"uv": [2, 11, 3, 14], "texture": "#texture"},
				"west": {"uv": [2, 11, 3, 14], "texture": "#texture"},
				"up": {"uv": [2, 11, 3, 12], "texture": "#texture"},
				"down": {"uv": [2, 13, 3, 14], "texture": "#texture"}
			}
		},
		{
			"from": [3, 11, 7.5],
			"to": [4, 14, 8.5],
			"faces": {
				"north": {"uv": [3, 2, 4, 5], "texture": "#texture"},
				"east": {"uv": [3, 2, 4, 5], "texture": "#texture"},
				"south": {"uv": [3, 2, 4, 5], "texture": "#texture"},
				"west": {"uv": [3, 2, 4, 5], "texture": "#texture"},
				"up": {"uv": [3, 2, 4, 3], "texture": "#texture"},
				"down": {"uv": [3, 4, 4, 5], "texture": "#texture"}
			}
		},
		{
			"from": [11, 11, 7.5],
			"to": [12, 14, 8.5],
			"faces": {
				"north": {"uv": [11, 2, 12, 5], "texture": "#texture"},
				"east": {"uv": [11, 2, 12, 5], "texture": "#texture"},
				"south": {"uv": [11, 2, 12, 5], "texture": "#texture"},
				"west": {"uv": [11, 2, 12, 5], "texture": "#texture"},
				"up": {"uv": [11, 2, 12, 3], "texture": "#texture"},
				"down": {"uv": [11, 4, 12, 5], "texture": "#texture"}
			}
		},
		{
			"from": [12, 2, 7.5],
			"to": [13, 5, 8.5],
			"faces": {
				"north": {"uv": [12, 11, 13, 14], "texture": "#texture"},
				"east": {"uv": [12, 11, 13, 14], "texture": "#texture"},
				"south": {"uv": [12, 11, 13, 14], "texture": "#texture"},
				"west": {"uv": [12, 11, 13, 14], "texture": "#texture"},
				"up": {"uv": [12, 11, 13, 12], "texture": "#texture"},
				"down": {"uv": [12, 13, 13, 14], "texture": "#texture"}
			}
		},
		{
			"from": [5, 15, 7.4],
			"to": [10, 16, 8.4],
			"faces": {
				"north": {"uv": [5, 0, 10, 1], "texture": "#texture"},
				"east": {"uv": [9, 0, 10, 1], "texture": "#texture"},
				"south": {"uv": [5, 0, 10, 1], "texture": "#texture"},
				"west": {"uv": [5, 0, 6, 1], "texture": "#texture"},
				"up": {"uv": [5, 0, 10, 1], "texture": "#texture"},
				"down": {"uv": [5, 0, 10, 1], "texture": "#texture"}
			}
		},
		{
			"from": [5, 1, 7.499],
			"to": [10, 15, 8.498],
			"faces": {
				"north": {"uv": [0.625, 0.0625, 0.3125, 0.9375], "texture": "#1", "tintindex": 1},
				"east": {"uv": [0, 0, 0, 0], "texture": "#1", "tintindex": 1},
				"south": {"uv": [0.3125, 0.0625, 0.625, 0.9375], "texture": "#1", "tintindex": 1},
				"west": {"uv": [0, 0, 0, 0], "texture": "#1", "tintindex": 1},
				"up": {"uv": [0, 0, 0, 0], "texture": "#1", "tintindex": 1},
				"down": {"uv": [0, 0, 0, 0], "texture": "#1", "tintindex": 1}
			}
		}
	],
	"gui_light": "front",
	"display": {
		"thirdperson_righthand": {
			"translation": [0, 3, 1],
			"scale": [0.55, 0.55, 0.55]
		},
		"thirdperson_lefthand": {
			"translation": [0, 3, 1],
			"scale": [0.55, 0.55, 0.55]
		},
		"firstperson_righthand": {
			"rotation": [0, -90, 25],
			"translation": [1.13, 3.2, 1.13],
			"scale": [0.68, 0.68, 0.68]
		},
		"firstperson_lefthand": {
			"rotation": [0, -90, 25],
			"translation": [1.13, 3.2, 1.13],
			"scale": [0.68, 0.68, 0.68]
		},
		"ground": {
			"translation": [0, 2, 0],
			"scale": [0.5, 0.5, 0.5]
		},
		"head": {
			"rotation": [0, -180, 0],
			"translation": [0, 13, 7]
		},
		"fixed": {
			"rotation": [0, -180, 0]
		}
	},
	"groups": [
		{
			"name": "bottom",
			"origin": [8, 8, 8],
			"color": 0,
			"children": []
		},
		{
			"name": "bottom",
			"origin": [8, 8, 8],
			"color": 0,
			"children": []
		},
		{
			"name": "group",
			"origin": [11, 8, 19],
			"color": 0,
			"children": [
				{
					"name": "group",
					"origin": [0, 0, 0],
					"color": 0,
					"children": [0, 1, 2, 3, 4, 5, 6, 7]
				}
			]
		},
		8
	]
}