{
	"credit": "Made with Blockbench",
	"parent": "minecraft:block/carpet",
	"textures": {
		"2": "block/moss_carpet_tint",
		"particle": "block/moss_carpet_tint",
		"wool": "block/moss_block"
	},
	"elements": [
		{
			"name": "block",
			"from": [-0.025, 0, -0.025],
			"to": [16.025, 1, 16.025],
			"faces": {
				"north": {"uv": [0, 0, 16, 1], "texture": "#wool"},
				"east": {"uv": [0, 0, 16, 1], "texture": "#wool"},
				"south": {"uv": [0, 0, 16, 1], "texture": "#wool"},
				"west": {"uv": [0, 0, 16, 1], "texture": "#wool"},
				"up": {"uv": [0, 0, 16, 16], "texture": "#wool"},
				"down": {"uv": [0, 0, 16, 16], "texture": "#wool"}
			}
		},
		{
			"from": [4.25, -0.1, -5.05],
			"to": [4.25, 2.9, 11],
			"rotation": {"angle": 45, "axis": "y", "origin": [11, -1.6, -2.025]},
			"faces": {
				"north": {"uv": [0, 0, 0, 3], "rotation": 180, "texture": "#missing"},
				"east": {"uv": [0, 0, 16, 3], "rotation": 180, "texture": "#2"},
				"south": {"uv": [0, 0, 0, 3], "rotation": 180, "texture": "#missing"},
				"west": {"uv": [16, 0, 0, 3], "rotation": 180, "texture": "#2"},
				"up": {"uv": [0, 0, 16, 0], "rotation": 270, "texture": "#missing"},
				"down": {"uv": [0, 0, 16, 0], "rotation": 90, "texture": "#wool"}
			}
		},
		{
			"from": [3.46967, -0.1, -1.6986],
			"to": [3.46967, 2.9, 14.3514],
			"rotation": {"angle": -45, "axis": "y", "origin": [5.46967, 1.4, 9.5764]},
			"faces": {
				"north": {"uv": [0, 0, 0, 3], "rotation": 180, "texture": "#missing"},
				"east": {"uv": [16, 0, 0, 3], "rotation": 180, "texture": "#2"},
				"south": {"uv": [0, 0, 0, 3], "rotation": 180, "texture": "#missing"},
				"west": {"uv": [0, 0, 16, 3], "rotation": 180, "texture": "#2"},
				"up": {"uv": [0, 0, 16, 0], "rotation": 90, "texture": "#missing"},
				"down": {"uv": [0, 0, 16, 0], "rotation": 270, "texture": "#wool"}
			}
		},
		{
			"from": [11.46967, 0.15, 4.5514],
			"to": [11.46967, 1.9, 13.5514],
			"rotation": {"angle": -22.5, "axis": "y", "origin": [10.46967, 1.4, 5.5764]},
			"faces": {
				"north": {"uv": [0, 0, 0, 3], "rotation": 180, "texture": "#missing"},
				"east": {"uv": [16, 13, 7, 15], "rotation": 180, "texture": "#2"},
				"south": {"uv": [0, 0, 0, 3], "rotation": 180, "texture": "#missing"},
				"west": {"uv": [7, 13, 16, 16], "rotation": 180, "texture": "#2"},
				"up": {"uv": [0, 0, 16, 0], "rotation": 90, "texture": "#missing"},
				"down": {"uv": [0, 0, 16, 0], "rotation": 270, "texture": "#wool"}
			}
		},
		{
			"from": [-0.75, -0.1, 2.95],
			"to": [-0.75, 2.9, 12.95],
			"rotation": {"angle": 45, "axis": "y", "origin": [6, -1.6, 1.975]},
			"faces": {
				"north": {"uv": [0, 0, 0, 3], "rotation": 180, "texture": "#missing"},
				"east": {"uv": [0, 0, 10, 3], "rotation": 180, "texture": "#2"},
				"south": {"uv": [0, 0, 0, 3], "rotation": 180, "texture": "#missing"},
				"west": {"uv": [10, 0, 0, 3], "rotation": 180, "texture": "#2"},
				"up": {"uv": [0, 0, 16, 0], "rotation": 270, "texture": "#missing"},
				"down": {"uv": [0, 0, 16, 0], "rotation": 90, "texture": "#wool"}
			}
		},
		{
			"from": [7.05, -2.25, -0.025],
			"to": [16.05, 0.75, -0.025],
			"rotation": {"angle": 22.5, "axis": "x", "origin": [8.05, -0.75, -0.025]},
			"faces": {
				"north": {"uv": [7, 13, 16, 16], "rotation": 180, "texture": "#2"},
				"east": {"uv": [0, 0, 0, 3], "rotation": 180, "texture": "#missing"},
				"south": {"uv": [7, 13, 16, 16], "rotation": 180, "texture": "#2"},
				"west": {"uv": [0, 0, 0, 3], "rotation": 180, "texture": "#missing"},
				"up": {"uv": [0, 0, 16, 0], "rotation": 180, "texture": "#missing"},
				"down": {"uv": [0, 0, 16, 0], "rotation": 180, "texture": "#wool"}
			}
		},
		{
			"from": [4.525, -1.675, -0.425],
			"to": [13.525, 0.325, -0.425],
			"rotation": {"angle": 45, "axis": "x", "origin": [11.025, 0, -0.05]},
			"faces": {
				"north": {"uv": [16, 13, 7, 15], "rotation": 180, "texture": "#2"},
				"east": {"uv": [0, 0, 0, 3], "rotation": 180, "texture": "#missing"},
				"south": {"uv": [7, 13, 16, 15], "rotation": 180, "texture": "#2"},
				"west": {"uv": [0, 0, 0, 3], "rotation": 180, "texture": "#missing"},
				"up": {"uv": [0, 0, 16, 0], "rotation": 180, "texture": "#missing"},
				"down": {"uv": [0, 0, 16, 0], "rotation": 180, "texture": "#wool"}
			}
		},
		{
			"from": [-0.025, -3, -0.025],
			"to": [16.025, 0, -0.025],
			"rotation": {"angle": 0, "axis": "x", "origin": [8, -1.5, -0.025]},
			"faces": {
				"north": {"uv": [16, 0, 0, 3], "texture": "#2"},
				"east": {"uv": [0, 0, 0, 3], "texture": "#missing"},
				"south": {"uv": [0, 0, 16, 3], "texture": "#2"},
				"west": {"uv": [0, 0, 0, 3], "texture": "#missing"},
				"up": {"uv": [0, 0, 16, 0], "texture": "#wool"},
				"down": {"uv": [0, 0, 16, 0], "texture": "#missing"}
			}
		},
		{
			"from": [-0.025, -2.25, -0.025],
			"to": [16.025, 0.75, -0.025],
			"rotation": {"angle": 22.5, "axis": "x", "origin": [8, -0.5, -0.025]},
			"faces": {
				"north": {"uv": [0, 0, 16, 3], "texture": "#2"},
				"east": {"uv": [0, 0, 0, 3], "texture": "#missing"},
				"south": {"uv": [16, 0, 0, 3], "texture": "#2"},
				"west": {"uv": [0, 0, 0, 3], "texture": "#missing"},
				"up": {"uv": [0, 0, 16, 0], "texture": "#wool"},
				"down": {"uv": [0, 0, 16, 0], "texture": "#missing"}
			}
		},
		{
			"from": [0.05, -2.25, 16.2],
			"to": [9.05, 0.75, 16.2],
			"rotation": {"angle": -22.5, "axis": "x", "origin": [7.5, -0.5, 16.025]},
			"faces": {
				"north": {"uv": [16, 13, 7, 16], "rotation": 180, "texture": "#2"},
				"east": {"uv": [0, 0, 0, 3], "rotation": 180, "texture": "#missing"},
				"south": {"uv": [16, 13, 7, 16], "rotation": 180, "texture": "#2"},
				"west": {"uv": [0, 0, 0, 3], "rotation": 180, "texture": "#missing"},
				"up": {"uv": [0, 0, 16, 0], "rotation": 180, "texture": "#missing"},
				"down": {"uv": [0, 0, 16, 0], "rotation": 180, "texture": "#wool"}
			}
		},
		{
			"from": [3.35, -1.2, 16.125],
			"to": [12.35, 0.8, 16.125],
			"rotation": {"angle": -45, "axis": "x", "origin": [8.5, 0.4, 15.975]},
			"faces": {
				"north": {"uv": [16, 13, 7, 15], "rotation": 180, "texture": "#2"},
				"east": {"uv": [0, 0, 0, 3], "rotation": 180, "texture": "#missing"},
				"south": {"uv": [7, 13, 16, 15], "rotation": 180, "texture": "#2"},
				"west": {"uv": [0, 0, 0, 3], "rotation": 180, "texture": "#missing"},
				"up": {"uv": [0, 0, 16, 0], "rotation": 180, "texture": "#missing"},
				"down": {"uv": [0, 0, 16, 0], "rotation": 180, "texture": "#wool"}
			}
		},
		{
			"from": [-0.025, -3, 16.025],
			"to": [16.025, 0, 16.025],
			"faces": {
				"north": {"uv": [16, 0, 0, 3], "texture": "#2"},
				"east": {"uv": [0, 0, 0, 3], "texture": "#missing"},
				"south": {"uv": [0, 0, 16, 3], "texture": "#2"},
				"west": {"uv": [0, 0, 0, 3], "texture": "#missing"},
				"up": {"uv": [0, 0, 16, 0], "texture": "#wool"},
				"down": {"uv": [0, 0, 16, 0], "texture": "#missing"}
			}
		},
		{
			"from": [7.05, -2.25, 16.025],
			"to": [16.05, 0.75, 16.025],
			"rotation": {"angle": -22.5, "axis": "x", "origin": [7.5, -0.5, 16.025]},
			"faces": {
				"north": {"uv": [7, 13, 16, 16], "rotation": 180, "texture": "#2"},
				"east": {"uv": [0, 0, 0, 3], "rotation": 180, "texture": "#missing"},
				"south": {"uv": [7, 13, 16, 16], "rotation": 180, "texture": "#2"},
				"west": {"uv": [0, 0, 0, 3], "rotation": 180, "texture": "#missing"},
				"up": {"uv": [0, 0, 16, 0], "rotation": 180, "texture": "#missing"},
				"down": {"uv": [0, 0, 16, 0], "rotation": 180, "texture": "#wool"}
			}
		},
		{
			"from": [-0.025, -2.275, 16.4],
			"to": [16.025, 0.725, 16.4],
			"rotation": {"angle": -22.5, "axis": "x", "origin": [8, -1.5, 16.025]},
			"faces": {
				"north": {"uv": [0, 0, 16, 3], "texture": "#2"},
				"east": {"uv": [0, 0, 0, 3], "texture": "#missing"},
				"south": {"uv": [16, 0, 0, 3], "texture": "#2"},
				"west": {"uv": [0, 0, 0, 3], "texture": "#missing"},
				"up": {"uv": [0, 0, 16, 0], "texture": "#wool"},
				"down": {"uv": [0, 0, 16, 0], "texture": "#missing"}
			}
		},
		{
			"from": [16.25, -2, 7.1],
			"to": [16.25, 1, 16.1],
			"rotation": {"angle": 22.5, "axis": "z", "origin": [16.05, -0.5, 8.1]},
			"faces": {
				"north": {"uv": [0, 0, 0, 3], "rotation": 180, "texture": "#missing"},
				"east": {"uv": [16, 13, 7, 16], "rotation": 180, "texture": "#2"},
				"south": {"uv": [0, 0, 0, 3], "rotation": 180, "texture": "#missing"},
				"west": {"uv": [16, 13, 7, 16], "rotation": 180, "texture": "#2"},
				"up": {"uv": [0, 0, 16, 0], "rotation": 90, "texture": "#missing"},
				"down": {"uv": [0, 0, 16, 0], "rotation": 270, "texture": "#wool"}
			}
		},
		{
			"from": [16.4, -1.3, 4.5],
			"to": [16.4, 0.7, 13.5],
			"rotation": {"angle": 45, "axis": "z", "origin": [16.025, 0, 6.5]},
			"faces": {
				"north": {"uv": [0, 0, 0, 3], "rotation": 180, "texture": "#missing"},
				"east": {"uv": [7, 13, 16, 15], "rotation": 180, "texture": "#2"},
				"south": {"uv": [0, 0, 0, 3], "rotation": 180, "texture": "#missing"},
				"west": {"uv": [16, 13, 7, 15], "rotation": 180, "texture": "#2"},
				"up": {"uv": [0, 0, 16, 0], "rotation": 90, "texture": "#missing"},
				"down": {"uv": [0, 0, 16, 0], "rotation": 270, "texture": "#wool"}
			}
		},
		{
			"from": [16.025, -3, -0.025],
			"to": [16.025, 0, 16.025],
			"rotation": {"angle": 0, "axis": "z", "origin": [16.025, -1.5, 8]},
			"faces": {
				"north": {"uv": [0, 0, 0, 3], "texture": "#missing"},
				"east": {"uv": [16, 0, 0, 3], "texture": "#2"},
				"south": {"uv": [0, 0, 0, 3], "texture": "#missing"},
				"west": {"uv": [0, 0, 16, 3], "texture": "#2"},
				"up": {"uv": [0, 0, 16, 0], "rotation": 90, "texture": "#wool"},
				"down": {"uv": [0, 0, 16, 0], "rotation": 270, "texture": "#missing"}
			}
		},
		{
			"from": [16.025, -2.475, -0.025],
			"to": [16.025, 0.525, 16.025],
			"rotation": {"angle": 22.5, "axis": "z", "origin": [16.025, -0.5, 8]},
			"faces": {
				"north": {"uv": [0, 0, 0, 3], "texture": "#missing"},
				"east": {"uv": [0, 0, 16, 3], "texture": "#2"},
				"south": {"uv": [0, 0, 0, 3], "texture": "#missing"},
				"west": {"uv": [16, 0, 0, 3], "texture": "#2"},
				"up": {"uv": [0, 0, 16, 0], "rotation": 90, "texture": "#wool"},
				"down": {"uv": [0, 0, 16, 0], "rotation": 270, "texture": "#missing"}
			}
		},
		{
			"from": [16.2, -2, 7.1],
			"to": [16.2, 1, 16.1],
			"rotation": {"angle": 22.5, "axis": "z", "origin": [16.05, -0.5, 8.1]},
			"faces": {
				"north": {"uv": [0, 0, 0, 3], "rotation": 180, "texture": "#missing"},
				"east": {"uv": [16, 13, 7, 16], "rotation": 180, "texture": "#2"},
				"south": {"uv": [0, 0, 0, 3], "rotation": 180, "texture": "#missing"},
				"west": {"uv": [16, 13, 7, 16], "rotation": 180, "texture": "#2"},
				"up": {"uv": [0, 0, 16, 0], "rotation": 90, "texture": "#missing"},
				"down": {"uv": [0, 0, 16, 0], "rotation": 270, "texture": "#wool"}
			}
		},
		{
			"from": [16.2, -2, 0.1],
			"to": [16.2, 1, 9.1],
			"rotation": {"angle": 22.5, "axis": "z", "origin": [16.05, -0.5, 8.1]},
			"faces": {
				"north": {"uv": [0, 0, 0, 3], "rotation": 180, "texture": "#missing"},
				"east": {"uv": [7, 13, 16, 16], "rotation": 180, "texture": "#2"},
				"south": {"uv": [0, 0, 0, 3], "rotation": 180, "texture": "#missing"},
				"west": {"uv": [7, 13, 16, 16], "rotation": 180, "texture": "#2"},
				"up": {"uv": [0, 0, 16, 0], "rotation": 90, "texture": "#missing"},
				"down": {"uv": [0, 0, 16, 0], "rotation": 270, "texture": "#wool"}
			}
		},
		{
			"from": [-0.06142, -1.9426, 0.1],
			"to": [-0.06142, 1.0574, 9.1],
			"rotation": {"angle": -22.5, "axis": "z", "origin": [-0.06142, -0.4426, 8.1]},
			"faces": {
				"north": {"uv": [0, 0, 0, 3], "rotation": 180, "texture": "#missing"},
				"east": {"uv": [7, 13, 16, 16], "rotation": 180, "texture": "#2"},
				"south": {"uv": [0, 0, 0, 3], "rotation": 180, "texture": "#missing"},
				"west": {"uv": [7, 13, 16, 16], "rotation": 180, "texture": "#2"},
				"up": {"uv": [0, 0, 16, 0], "rotation": 90, "texture": "#missing"},
				"down": {"uv": [0, 0, 16, 0], "rotation": 270, "texture": "#wool"}
			}
		},
		{
			"from": [-0.025, -3, -0.025],
			"to": [-0.025, 0, 16.025],
			"rotation": {"angle": 0, "axis": "y", "origin": [8, -1.5, 0]},
			"faces": {
				"north": {"uv": [0, 0, 0, 3], "texture": "#missing"},
				"east": {"uv": [16, 0, 0, 3], "texture": "#2"},
				"south": {"uv": [0, 0, 0, 3], "texture": "#missing"},
				"west": {"uv": [0, 0, 16, 3], "texture": "#2"},
				"up": {"uv": [0, 0, 16, 0], "rotation": 90, "texture": "#wool"},
				"down": {"uv": [0, 0, 16, 0], "rotation": 270, "texture": "#missing"}
			}
		},
		{
			"from": [-0.06142, -1.9426, 7.1],
			"to": [-0.06142, 1.0574, 16.1],
			"rotation": {"angle": -22.5, "axis": "z", "origin": [-0.06142, -0.4426, 8.1]},
			"faces": {
				"north": {"uv": [0, 0, 0, 3], "rotation": 180, "texture": "#missing"},
				"east": {"uv": [16, 13, 7, 16], "rotation": 180, "texture": "#2"},
				"south": {"uv": [0, 0, 0, 3], "rotation": 180, "texture": "#missing"},
				"west": {"uv": [16, 13, 7, 16], "rotation": 180, "texture": "#2"},
				"up": {"uv": [0, 0, 16, 0], "rotation": 90, "texture": "#missing"},
				"down": {"uv": [0, 0, 16, 0], "rotation": 270, "texture": "#wool"}
			}
		},
		{
			"from": [-0.63642, -1.5426, 2.85],
			"to": [-0.63642, 0.4574, 11.85],
			"rotation": {"angle": -45, "axis": "z", "origin": [-0.06142, -0.4426, 8.1]},
			"faces": {
				"north": {"uv": [0, 0, 0, 3], "rotation": 180, "texture": "#missing"},
				"east": {"uv": [7, 13, 16, 15], "rotation": 180, "texture": "#2"},
				"south": {"uv": [0, 0, 0, 3], "rotation": 180, "texture": "#missing"},
				"west": {"uv": [16, 13, 7, 15], "rotation": 180, "texture": "#2"},
				"up": {"uv": [0, 0, 16, 0], "rotation": 90, "texture": "#missing"},
				"down": {"uv": [0, 0, 16, 0], "rotation": 270, "texture": "#wool"}
			}
		}
	],
	"groups": [
		0,
		{
			"name": "top",
			"origin": [6, -1.6, 1.975],
			"color": 0,
			"children": [1, 2, 3, 4]
		},
		{
			"name": "side",
			"origin": [8, -0.5, -0.025],
			"color": 0,
			"children": [5, 6, 7, 8]
		},
		{
			"name": "side",
			"origin": [8, -1.5, 16.025],
			"color": 0,
			"children": [9, 10, 11, 12, 13]
		},
		{
			"name": "side",
			"origin": [16.05, -0.5, 8.1],
			"color": 0,
			"children": [14, 15, 16, 17, 18, 19]
		},
		{
			"name": "side",
			"origin": [-0.06142, -0.4426, 8.1],
			"color": 0,
			"children": [20, 21, 22, 23]
		}
	]
}