{
	"format_version": "1.21.6",
	"credit": "Made with Blockbench",
	"ambientocclusion": false,
	"textures": {
		"cross": "block/sunflower_top",
		"cross_alt": "block/sunflower_top_alt",
		"back": "block/sunflower_back",
		"particle": "block/sunflower_front",
		"front": "block/sunflower_front"
	},
	"elements": [
		{
			"from": [0.8, 0, 8],
			"to": [15.2, 10, 8],
			"shade": false,
			"rotation": {"angle": 45, "axis": "y", "origin": [8, 8, 8], "rescale": true},
			"faces": {
				"north": {"uv": [0, 6, 16, 16], "texture": "#cross"},
				"south": {"uv": [0, 6, 16, 16], "texture": "#cross_alt"}
			}
		},
		{
			"from": [8, 0, 0.8],
			"to": [8, 10, 15.2],
			"shade": false,
			"rotation": {"angle": 45, "axis": "y", "origin": [8, 8, 8], "rescale": true},
			"faces": {
				"east": {"uv": [0, 6, 16, 16], "texture": "#cross"},
				"west": {"uv": [0, 6, 16, 16], "texture": "#cross_alt"}
			}
		},
		{
			"from": [8.85, 1.5, 0],
			"to": [8.85, 17.5, 16],
			"shade": false,
			"rotation": {"angle": 22.5, "axis": "z", "origin": [10, 8.5, 9]},
			"faces": {
				"east": {"uv": [0, 0, 16, 16], "texture": "#front"},
				"west": {"uv": [0, 0, 16, 16], "texture": "#back"}
			}
		}
	]
}