{
	"credit": "Made with Blockbench",
	"textures": {
		"2": "caverns_and_chasms:block/cupric_torch2",
		"3": "caverns_and_chasms:block/cupric_torch_fire2",
		"particle": "caverns_and_chasms:block/cupric_torch_fire2"
	},
	"elements": [
		{
			"from": [1.5, -1, 7],
			"to": [3.5, 8.001, 9],
			"shade": false,
			"rotation": {"angle": -22.5, "axis": "z", "origin": [10, 7, 15.5]},
			"faces": {
				"north": {"uv": [9, 7, 7, 16], "texture": "#2"},
				"east": {"uv": [9, 7, 7, 16], "texture": "#2"},
				"south": {"uv": [9, 7, 7, 16], "texture": "#2"},
				"west": {"uv": [9, 7, 7, 16], "texture": "#2"},
				"up": {"uv": [7, 5, 9, 7], "texture": "#2"},
				"down": {"uv": [7, 14, 9, 16], "texture": "#2"}
			}
		},
		{
			"from": [1.5, 8.75, 8],
			"to": [5.5, 16.75, 8],
			"shade": false,
			"rotation": {"angle": 0, "axis": "z", "origin": [11, 10.75, 15.5]},
			"faces": {
				"north": {"uv": [6, 2, 10, 10], "texture": "#3"},
				"east": {"uv": [0, 0, 0, 7], "texture": "#3"},
				"south": {"uv": [6, 2, 10, 10], "texture": "#3"},
				"west": {"uv": [0, 0, 0, 7], "texture": "#3"},
				"up": {"uv": [0, 0, 0, 4], "rotation": 270, "texture": "#3"},
				"down": {"uv": [0, 0, 0, 4], "rotation": 90, "texture": "#3"}
			}
		},
		{
			"from": [3.5, 8.75, 6],
			"to": [3.5, 16.75, 10],
			"shade": false,
			"rotation": {"angle": 0, "axis": "z", "origin": [11, 10.75, 15.5]},
			"faces": {
				"north": {"uv": [0, 0, 0, 8], "texture": "#3"},
				"east": {"uv": [6, 2, 10, 10], "texture": "#3"},
				"south": {"uv": [0, 0, 0, 8], "texture": "#3"},
				"west": {"uv": [6, 2, 10, 10], "texture": "#3"},
				"up": {"uv": [0, 0, 0, 4], "texture": "#3"},
				"down": {"uv": [0, 0, 0, 4], "texture": "#3"}
			}
		}
	],
	"display": {
		"thirdperson_righthand": {
			"rotation": [24, 90, 0],
			"translation": [0, 3.5, -2],
			"scale": [0.6, 0.6, 0.6]
		},
		"thirdperson_lefthand": {
			"rotation": [24, -90, 0],
			"translation": [0, 3.25, -2],
			"scale": [0.6, 0.6, 0.6]
		},
		"firstperson_righthand": {
			"rotation": [4, 79, -9],
			"translation": [0, 3.75, -1.75],
			"scale": [0.6, 0.6, 0.6]
		},
		"firstperson_lefthand": {
			"rotation": [4, -96, 9],
			"translation": [0, 3.75, -1.75],
			"scale": [0.6, 0.6, 0.6]
		},
		"ground": {
			"scale": [0.6, 0.6, 0.6]
		},
		"gui": {
			"rotation": [6, -139, -1],
			"translation": [-4, -1, 0]
		},
		"head": {
			"rotation": [0, 90, 0],
			"translation": [0, 9.25, -13.5]
		},
		"fixed": {
			"translation": [5, 0, -0.75]
		}
	}
}