{
  "variants": {
    "upgrade_level=0,active=true": { "model": "claimorous:block/claim_anchor" },
    "upgrade_level=1,active=true": { "model": "claimorous:block/claim_anchor_tier1" },
    "upgrade_level=2,active=true": { "model": "claimorous:block/claim_anchor_tier2" },
    "upgrade_level=0,active=false": { "model": "claimorous:block/claim_anchor_off" },
    "upgrade_level=1,active=false": { "model": "claimorous:block/claim_anchor_off" },
    "upgrade_level=2,active=false": { "model": "claimorous:block/claim_anchor_off" }
  }
}
