{
    "textures": {
        "valley": {
            "antique_atlas:base/grass": 3,
            "antique_atlas:biome/flatland/plains/grass_3": 3,
            "antique_atlas:biome/flatland/plains/grass_oak_fancy_tall_sparse": 2,
            "antique_atlas:biome/woodland/flower/cornflower_grass": 1,
            "antique_atlas:biome/woodland/flower/dandelion_grass": 1
        },
        "mid": {
            "antique_atlas:biome/flatland/plains/grass_hills_low": 6,
            "antique_atlas:biome/flatland/plains/grass_oak_fancy_tall_sparse_hills_low": 2,
            "antique_atlas:biome/woodland/flower/cornflower_grass_hills_low": 1,
            "antique_atlas:biome/woodland/flower/dandelion_grass_hills_low": 1
        },
        "peak": {
            "antique_atlas:biome/flatland/plains/grass_hills": 6,
            "antique_atlas:biome/flatland/plains/grass_oak_fancy_tall_sparse_hills": 2,
            "antique_atlas:biome/woodland/flower/cornflower_grass_hills": 1,
            "antique_atlas:biome/woodland/flower/dandelion_grass_hills": 1
        }
    }
}