{
    "textures": {
        "valley": {
            "antique_atlas:base/sand": 4,
            "antique_atlas:biome/arid/desert/sand_1": 6,
            "antique_atlas:biome/arid/desert/sand_shrubs": 4,
            "antique_atlas:biome/arid/desert/sand_palm": 1
        },
        "mid": {
            "antique_atlas:biome/arid/desert/sand_hills_low": 10,
            "antique_atlas:biome/arid/desert/shrubs_hills_low": 4,
            "antique_atlas:biome/arid/desert/sand_palm_hills_low": 1
        },
        "peak": {
            "antique_atlas:biome/highland/windswept/hills/gravelly/stone_hills_low": 1,
            "antique_atlas:biome/highland/windswept/hills/gravelly/gravel_hills_low": 2
        }
    }
}