{
    "textures": {
        "valley": {
            "antique_atlas:base/grass": 4,
            "antique_atlas:biome/flatland/plains/grass_3": 4,
            "antique_atlas:biome/flatland/plains/grass_cypress_tall_sparse": 1,
            "antique_atlas:biome/flatland/plains/grass_olive_sparse": 1,
            "antique_atlas:biome/woodland/flower/dandelion_grass": 2
        },
        "mid": {
            "antique_atlas:biome/flatland/plains/grass_hills_low": 8,
            "antique_atlas:biome/flatland/plains/grass_cypress_tall_sparse_hills_low": 1,
            "antique_atlas:biome/flatland/plains/grass_olive_sparse_hills_low": 1,
            "antique_atlas:biome/woodland/flower/dandelion_grass_hills_low": 2
        },
        "peak": {
            "antique_atlas:biome/flatland/plains/grass_hills": 8,
            "antique_atlas:biome/flatland/plains/grass_cypress_tall_sparse_hills": 1,
            "antique_atlas:biome/flatland/plains/grass_olive_sparse_hills": 1,
            "antique_atlas:biome/woodland/flower/dandelion_grass_hills": 2
        }
    }
}