{
    "textures": {
        "valley": {
            "antique_atlas:biome/arid/savanna/sand_grass": 4,
            "antique_atlas:biome/arid/savanna/sand_grass_3": 4
        },
        "mid": {
            "antique_atlas:biome/arid/savanna/sand_grass_hills_low": 4,
            "antique_atlas:biome/arid/savanna/sand_grass_3_hills_low": 4
        },
        "peak": {
            "antique_atlas:biome/arid/savanna/sand_grass_hills": 4,
            "antique_atlas:biome/arid/savanna/sand_grass_3_hills": 4
        }
    }
}