{
    "textures": {
        "valley": {
            "antique_atlas:base/sand": 2,
            "antique_atlas:biome/arid/desert/sand_1": 3,
            "antique_atlas:biome/arid/desert/sand_shrubs": 3,
            "antique_atlas:biome/arid/desert/sand_cacti_sparse": 3,
            "antique_atlas:biome/arid/desert/sand_cacti": 4,
            "antique_atlas:biome/arid/desert/sand_palm": 1,
            "antique_atlas:biome/arid/desert/sand_daisies": 1
        },
        "mid": {
            "antique_atlas:biome/arid/desert/sand_hills_low": 7,
            "antique_atlas:biome/arid/desert/shrubs_hills_low": 4,
            "antique_atlas:biome/arid/desert/sand_cacti_sparse_hills_low": 2,
            "antique_atlas:biome/arid/desert/sand_cacti_hills_low": 1,
            "antique_atlas:biome/arid/desert/sand_palm_hills_low": 1,
            "antique_atlas:biome/arid/desert/sand_daisies_hills_low": 1
        }
    }
}