{
  "parent": "minecraft:item/handheld",
  "display": {
    "thirdperson_righthand": {
      "rotation": [ 0, -90, 50 ],
      "translation": [ 0, 7.0, 1 ],
      "scale": [ 0.85, 0.85, 0.85 ]
    },
    "thirdperson_lefthand": {
      "rotation": [ 0, 90, -50 ],
      "translation": [ 0, 7.0, 1 ],
      "scale": [ 0.85, 0.85, 0.85 ]
    },
    "firstperson_righthand": {
      "rotation": [ 0, -90, 25 ],
      "translation": [ 1.13, 3.2, 1.13 ],
      "scale": [ 0.68, 0.68, 0.68 ]
    },
    "firstperson_lefthand": {
      "rotation": [ 0, 90, -25 ],
      "translation": [ 1.13, 3.2, 1.13 ],
      "scale": [ 0.68, 0.68, 0.68 ]
    }
  }
}