{
    "blend": {
        "func": "add",
        "srcrgb": "one",
        "dstrgb": "zero"
    },
    "vertex": "sobel",
    "fragment": "expanded_shaders:halftone",
    "attributes": [ "Position" ],
    "samplers": [
        { "name": "DiffuseSampler" }
    ],
    "uniforms": [
        { "name": "ProjMat",     "type": "matrix4x4", "count": 16, "values": [ 1.0, 0.0, 0.0, 0.0, 0.0, 1.0, 0.0, 0.0, 0.0, 0.0, 1.0, 0.0, 0.0, 0.0, 0.0, 1.0 ] },
        { "name": "InSize",      "type": "float",     "count": 2,  "values": [ 1.0, 1.0 ] },
        { "name": "OutSize",     "type": "float",     "count": 2,  "values": [ 1.0, 1.0 ] },
        { "name": "Gray",        "type": "float",     "count": 3,  "values": [ 0.3, 0.59, 0.11 ] },
        { "name": "NoiseScale",  "type": "float",     "count": 1,  "values": [ 1000.0 ] },
        { "name": "NoiseAmount", "type": "float",     "count": 1,  "values": [ 30.0 ] }
    ]
}
