{
    "blend": {
        "func": "add",
        "srcrgb": "one",
        "dstrgb": "zero"
    },
    "vertex": "sobel",
    "fragment": "expanded_shaders:harsh_dither",
    "attributes": [ "Position" ],
    "samplers": [
        { "name": "DiffuseSampler" }
    ],
    "uniforms": [
        { "name": "ProjMat", "type": "matrix4x4", "count": 16, "values": [ 1.0, 0.0, 0.0, 0.0, 0.0, 1.0, 0.0, 0.0, 0.0, 0.0, 1.0, 0.0, 0.0, 0.0, 0.0, 1.0 ] },
        { "name": "InSize",  "type": "float",     "count": 2,  "values": [ 1.0, 1.0 ] },
        { "name": "OutSize", "type": "float",     "count": 2,  "values": [ 1.0, 1.0 ] },
        { "name": "Steps",   "type": "int",       "count": 1,  "values": [ 4 ] },
        { "name": "Mix",     "type": "float",     "count": 1,  "values": [ 0.5 ] }
    ]
}