{
    "blend": {
        "func": "add",
        "srcrgb": "one",
        "dstrgb": "zero"
    },
    "vertex": "minecraft:blobs",
    "fragment": "expanded_shaders:rings",
    "attributes": [ "Position" ],
    "samplers": [
        { "name": "DiffuseSampler" }
    ],
    "uniforms": [
        { "name": "ProjMat",      "type": "matrix4x4", "count": 16, "values": [ 1.0, 0.0, 0.0, 0.0, 0.0, 1.0, 0.0, 0.0, 0.0, 0.0, 1.0, 0.0, 0.0, 0.0, 0.0, 1.0 ] },
        { "name": "InSize",       "type": "float",     "count": 2,  "values": [ 1.0, 1.0 ] },
        { "name": "Radius",       "type": "float",     "count": 1,  "values": [ 7.5 ] },
        { "name": "InnerPercent", "type": "float",     "count": 1,  "values": [ 0.825 ] }
    ]
}
