{
    "blend": {
        "func": "add",
        "srcrgb": "one",
        "dstrgb": "zero"
    },
    "vertex": "sobel",
    "fragment": "expanded_shaders:voronoi",
    "attributes": [ "Position" ],
    "samplers": [
        { "name": "DiffuseSampler" },
        { "name": "PrevOutSampler" }
    ],
    "uniforms": [
        { "name": "ProjMat",  "type": "matrix4x4", "count": 16, "values": [ 1.0, 0.0, 0.0, 0.0, 0.0, 1.0, 0.0, 0.0, 0.0, 0.0, 1.0, 0.0, 0.0, 0.0, 0.0, 1.0 ] },
        { "name": "InSize",   "type": "float",     "count": 2,  "values": [ 1.0, 1.0 ] },
        { "name": "OutSize",  "type": "float",     "count": 2,  "values": [ 1.0, 1.0 ] },
        { "name": "Last",     "type": "float",     "count": 1,  "values": [ 0.9 ] },
        { "name": "Adjacent", "type": "float",     "count": 1,  "values": [ 0.95 ] },
        { "name": "Diagonal", "type": "float",     "count": 1,  "values": [ 0.485 ] }
    ]
}
