{
  "targets": [
    "left",
    "right",
    "combined"
  ],
  "passes": [
    {
      "name": "expanded_shaders:camera_shift",
      "intarget": "minecraft:main",
      "outtarget": "left",
      "auxtargets": [
        {
          "name": "DiffuseDepthSampler",
          "id": "minecraft:main:depth"
        }
      ],
      "uniforms": [
        {
          "name": "Offset",
          "values": [ -0.05, 0.0, 0.0 ]
        }
      ]
    },
    {
      "name": "expanded_shaders:camera_shift",
      "intarget": "minecraft:main",
      "outtarget": "right",
      "auxtargets": [
        {
          "name": "DiffuseDepthSampler",
          "id": "minecraft:main:depth"
        }
      ],
      "uniforms": [
        {
          "name": "Offset",
          "values": [ 0.05, 0.0, 0.0 ]
        }
      ]
    },
    {
      "name": "expanded_shaders:channel_combine",
      "intarget": "left",
      "outtarget": "combined",
      "auxtargets": [
        {
          "name": "SecondSampler",
          "id": "right"
        }
      ],
      "uniforms": [
        {
          "name": "Color1",
          "values": [ 1.0, 0.0, 0.0 ]
        },
        {
          "name": "Color2",
          "values": [ 0.0, 1.0, 1.0 ]
        }
      ]
    },
    {
      "name": "blit",
      "intarget": "combined",
      "outtarget": "minecraft:main"
    }
  ]
}