{
    "targets": [
        "0",
        "1"
    ],
    "passes": [
        {
            "name": "expanded_shaders:gaussian",
            "intarget": "minecraft:main",
            "outtarget": "0",
            "uniforms": [
                {
                    "name": "Direction",
                    "values": [ 1.0, 0.0 ]
                },
                {
                    "name": "Sigma",
                    "values": [ 3.0 ]
                }
            ]
        },
        {
            "name": "expanded_shaders:gaussian",
            "intarget": "0",
            "outtarget": "1",
            "uniforms": [
                {
                    "name": "Direction",
                    "values": [ 0.0, 1.0 ]
                },
                {
                    "name": "Sigma",
                    "values": [ 3.0 ]
                }
            ]
        },
        {
            "name": "expanded_shaders:difference",
            "intarget": "minecraft:main",
            "outtarget": "0",
            "auxtargets": [
                {
                    "name": "SubtractSampler",
                    "id": "1"
                }
            ]
        },
        {
            "name": "blit",
            "intarget": "0",
            "outtarget": "minecraft:main"
        }
    ]
}
