{
    "targets": [
        "0",
        "1",
        "2"
    ],
    "passes": [
        {
            "name": "expanded_shaders:outline_sepia",
            "intarget": "minecraft:main",
            "outtarget": "0",
            "uniforms": [
                {
                    "name": "LumaLevel",
                    "values": [ 8 ]
                }
            ]
        },
        {
            "name": "notch",
            "intarget": "0",
            "outtarget": "1",
            "auxtargets": [
                {
                    "name": "DitherSampler",
                    "id": "dither",
                    "width": 4,
                    "height": 4,
                    "bilinear": false
                }
            ]
        },
        {
            "name": "color_convolve",
            "intarget": "1",
            "outtarget": "0",
            "uniforms": [
                {
                    "name": "RedMatrix",
                    "values": [ 1.0, 0.0, 0.0 ]
                },
                {
                    "name": "GreenMatrix",
                    "values": [ 0.0, 0.8, 0.0 ]
                },
                {
                    "name": "BlueMatrix",
                    "values": [ 0.0, 0.0, 0.5 ]
                },
                {
                    "name": "Saturation",
                    "values": [ 0.5 ]
                }
            ]
        },
        {
            "name": "blit",
            "intarget": "0",
            "outtarget": "minecraft:main"
        }
    ]
}
