{
    "targets": [
        "swap",
        "previous"
    ],
    "passes": [
        {
            "name": "expanded_shaders:voronoi",
            "intarget": "minecraft:main",
            "outtarget": "swap",
            "auxtargets": [
                {
                    "name": "PrevOutSampler",
                    "id": "previous"
                }
            ]
        },
        {
            "name": "blit",
            "intarget": "swap",
            "outtarget": "previous"
        },
        {
            "name": "blit",
            "intarget": "swap",
            "outtarget": "minecraft:main"
        }
    ]
}
