{
    "targets": [
        "0"
    ],
    "passes": [
        {
            "name": "expanded_shaders:color_filter",
            "intarget": "minecraft:main",
            "outtarget": "0",
            "uniforms": [
                {
                    "name": "Mask",
                    "values": [ 0.0, 1.0, 0.0 ]
                },
                {
                    "name": "Threshold",
                    "values": [ 0.85, 0.0, 0.95 ]
                }
            ]
        },
        {
            "name": "blit",
            "intarget": "0",
            "outtarget": "minecraft:main"
        }
    ]
}
