{
    "targets": [
        "swap"
    ],
    "passes": [
        {
            "name": "sobel",
            "intarget": "minecraft:main",
            "outtarget": "swap"
        },
        {
            "name": "blur",
            "intarget": "swap",
            "outtarget": "minecraft:main",
            "uniforms": [
                {
                    "name": "BlurDir",
                    "values": [ 1.5, 0.666 ]
                },
                {
                    "name": "Radius",
                    "values": [ 10.0 ]
                }
            ]
        },
        {
            "name": "blobs2",
            "intarget": "minecraft:main",
            "outtarget": "swap"
        },
        {
            "name": "blit",
            "intarget": "swap",
            "outtarget": "minecraft:main"
        }
    ]
}
