{
  "targets": [
    "0"
  ],
  "passes": [
    {
      "name": "expanded_shaders:shadows",
      "intarget": "minecraft:main",
      "outtarget": "0",
      "auxtargets": [
        {
          "name": "DiffuseDepthSampler",
          "id": "minecraft:main:depth"
        }
      ],
      "uniforms": [
        {
          "name": "Offset",
          "values": [ 0.0, 0.0, 0.0 ]
        }
      ]
    },
    {
      "name": "blit",
      "intarget": "0",
      "outtarget": "minecraft:main"
    }
  ]
}