{
    "targets": [
        "swap"
    ],
    "passes": [
        {
            "name": "color_convolve",
            "intarget": "minecraft:main",
            "outtarget": "swap",
            "uniforms": [
                {
                    "name": "RedMatrix",
                    "values": [ 1.0, 0.5, 0.0 ]
                },
                {
                    "name": "GreenMatrix",
                    "values": [ 0.1, 0.4, 1.0 ]
                },
                {
                    "name": "BlueMatrix",
                    "values": [ -0.2, 0.1, 0.2 ]
                },
                {
                    "name": "Saturation",
                    "values": [ 1.2 ]
                },
                {
                    "name": "Gray",
                    "values": [ 1, 0.9, 1 ]
                }
            ]
        },
        {
            "name": "blit",
            "intarget": "swap",
            "outtarget": "minecraft:main"
        }
    ]
}
