{
  "multipart": [
    {
      "apply": {
        "model": "soulfulnether:block/fright_fence/post"
      }
    },
    {
      "apply": {
        "model": "soulfulnether:block/fright_fence/north",
        "uvlock": false
      },
      "when": {
        "north": "true"
      }
    },
    {
      "apply": {
        "model": "soulfulnether:block/fright_fence/east",
        "uvlock": false
      },
      "when": {
        "east": "true"
      }
    },
    {
      "apply": {
        "model": "soulfulnether:block/fright_fence/south",
        "uvlock": false
      },
      "when": {
        "south": "true"
      }
    },
    {
      "apply": {
        "model": "soulfulnether:block/fright_fence/west",
        "uvlock": false
      },
      "when": {
        "west": "true"
      }
    }
  ]
}