{
	"credit": "Made with Blockbench",
	"parent": "block/block",
	"ambientocclusion": false,
	"textures": {
		"particle": "block/beacon_glass",
		"glass": "block/beacon_glass",
		"obsidian": "block/obsidian",
		"beacon": "block/beacon"
	},
	"elements": [
		{
			"name": "Glass shell",
			"from": [0, 0, 0],
			"to": [16, 16, 16],
			"faces": {
				"north": {"uv": [0, 0, 16, 16], "texture": "#glass"},
				"east": {"uv": [0, 0, 16, 16], "texture": "#glass"},
				"south": {"uv": [0, 0, 16, 16], "texture": "#glass"},
				"west": {"uv": [0, 0, 16, 16], "texture": "#glass"},
				"up": {"uv": [0, 0, 16, 16], "texture": "#glass"},
				"down": {"uv": [0, 0, 16, 16], "texture": "#glass"}
			}
		},
		{
			"name": "Obsidian base",
			"from": [0.25, 0.1, 0.25],
			"to": [15.75, 3, 15.75],
			"rotation": {"angle": 0, "axis": "y", "origin": [-0.75, 0, -0.75]},
			"faces": {
				"north": {"uv": [0, 13, 15, 16], "texture": "#obsidian"},
				"east": {"uv": [0, 13, 15, 16], "texture": "#obsidian"},
				"south": {"uv": [0, 13, 15, 16], "texture": "#obsidian"},
				"west": {"uv": [0, 13, 15, 16], "texture": "#obsidian"},
				"up": {"uv": [0, 0, 15, 15], "texture": "#obsidian"},
				"down": {"uv": [0, 0, 15, 15], "texture": "#obsidian"}
			}
		},
		{
			"name": "Inner beacon texture",
			"from": [3, 3, 3],
			"to": [13, 14, 13],
			"faces": {
				"north": {"uv": [3, 2, 13, 13], "texture": "#beacon"},
				"east": {"uv": [3, 2, 13, 13], "texture": "#beacon"},
				"south": {"uv": [3, 2, 13, 13], "texture": "#beacon"},
				"west": {"uv": [3, 2, 13, 13], "texture": "#beacon"},
				"up": {"uv": [3, 3, 13, 13], "texture": "#beacon"},
				"down": {"uv": [3, 3, 13, 13], "texture": "#beacon"}
			}
		}
	],
	"display": {
		"thirdperson_righthand": {
			"rotation": [75, 45, 0],
			"translation": [0, 2.5, 0],
			"scale": [0.375, 0.375, 0.375]
		},
		"thirdperson_lefthand": {
			"rotation": [75, 45, 0],
			"translation": [0, 2.5, 0],
			"scale": [0.375, 0.375, 0.375]
		},
		"firstperson_righthand": {
			"rotation": [0, 45, 0],
			"scale": [0.4, 0.4, 0.4]
		},
		"firstperson_lefthand": {
			"rotation": [0, 45, 0],
			"scale": [0.4, 0.4, 0.4]
		},
		"ground": {
			"translation": [0, 3, 0],
			"scale": [0.25, 0.25, 0.25]
		}
	}
}