{
  "variants": {
    "": [
      {
        "model": "minecraft:block/orange_stained_glass"
      },
      {
        "model": "minecraft:block/orange_stained_glass",
        "x": 90
      },
      {
        "model": "minecraft:block/orange_stained_glass",
        "x": 180
      },
      {
        "model": "minecraft:block/orange_stained_glass",
        "x": 270
      },
      {
        "model": "minecraft:block/orange_stained_glass",
        "y": 90
      },
      {
        "model": "minecraft:block/orange_stained_glass",
        "x": 90,
        "y": 90
      },
      {
        "model": "minecraft:block/orange_stained_glass",
        "x": 180,
        "y": 90
      },
      {
        "model": "minecraft:block/orange_stained_glass",
        "x": 270,
        "y": 90
      },
      {
        "model": "minecraft:block/orange_stained_glass",
        "y": 180
      },
      {
        "model": "minecraft:block/orange_stained_glass",
        "x": 90,
        "y": 180
      },
      {
        "model": "minecraft:block/orange_stained_glass",
        "x": 180,
        "y": 180
      },
      {
        "model": "minecraft:block/orange_stained_glass",
        "x": 270,
        "y": 180
      },
      {
        "model": "minecraft:block/orange_stained_glass",
        "y": 270
      },
      {
        "model": "minecraft:block/orange_stained_glass",
        "x": 90,
        "y": 270
      },
      {
        "model": "minecraft:block/orange_stained_glass",
        "x": 180,
        "y": 270
      },
      {
        "model": "minecraft:block/orange_stained_glass",
        "x": 270,
        "y": 270
      }
    ]
  }
}