{
  "targets": [
    "base",
    "running",
    "temp"
  ],
  "beforestackrender": [
    {
      "name": "blit",
      "intarget": "minecraft:main",
      "outtarget": "running"
    },
    {
      "name": "blit",
      "intarget": "minecraft:main",
      "outtarget": "base"
    }
  ],
  "beforeshaderrender": [
    {
      "name": "expanded_shaders:layer_effects/cycle_exclusive",
      "intarget": "running",
      "outtarget": "temp",
      "auxtargets": [
        {
          "name": "PrevSampler",
          "id": "base"
        }
      ]
    },
    {
      "name": "blit",
      "intarget": "temp",
      "outtarget": "base"
    },
    {
      "name": "blit",
      "intarget": "base",
      "outtarget": "minecraft:main"
    }
  ],
  "aftershaderrender": [
    {
      "name": "expanded_shaders:layer_effects/cycle_exclusive_combine",
      "intarget": "minecraft:main",
      "outtarget": "temp",
      "auxtargets": [
        {
          "name": "PrevSampler",
          "id": "running"
        }
      ]
    },
    {
      "name": "blit",
      "intarget": "temp",
      "outtarget": "running"
    }
  ],
  "afterstackrender": [
    {
      "name": "blit",
      "intarget": "running",
      "outtarget": "minecraft:main"
    }
  ]
}
