{
	"credit": "Made with Blockbench",
	"textures": {
		"1": "endergetic:block/ender_torch_fire",
		"5": "endergetic:block/ender_torch",
		"particle": "endergetic:block/ender_torch"
	},
	"elements": [
		{
			"from": [7, 0, 7],
			"to": [9, 9.001, 9],
			"shade": false,
			"rotation": {"angle": 0, "axis": "y", "origin": [15.5, 8, 15.5]},
			"faces": {
				"north": {"uv": [7, 7, 9, 16], "texture": "#5"},
				"east": {"uv": [7, 7, 9, 16], "texture": "#5"},
				"south": {"uv": [7, 7, 9, 16], "texture": "#5"},
				"west": {"uv": [7, 7, 9, 16], "texture": "#5"},
				"up": {"uv": [7, 5, 9, 7], "texture": "#5"},
				"down": {"uv": [7, 14, 9, 16], "texture": "#5"}
			}
		},
		{
			"from": [6, 7, 8],
			"to": [10, 15, 8],
			"shade": false,
			"rotation": {"angle": 0, "axis": "y", "origin": [8, 15, 7.95]},
			"faces": {
				"north": {"uv": [6, 2, 10, 10], "texture": "#1"},
				"east": {"uv": [0, 0, 0, 7], "texture": "#1"},
				"south": {"uv": [6, 2, 10, 10], "texture": "#1"},
				"west": {"uv": [0, 0, 0, 7], "texture": "#1"},
				"up": {"uv": [0, 0, 0, 4], "rotation": 270, "texture": "#1"},
				"down": {"uv": [0, 0, 0, 4], "rotation": 90, "texture": "#1"}
			}
		},
		{
			"from": [8, 7, 6],
			"to": [8, 15, 10],
			"shade": false,
			"rotation": {"angle": 0, "axis": "y", "origin": [8, 15, 8]},
			"faces": {
				"north": {"uv": [0, 0, 0, 8], "texture": "#1"},
				"east": {"uv": [6, 2, 10, 10], "texture": "#1"},
				"south": {"uv": [0, 0, 0, 8], "texture": "#1"},
				"west": {"uv": [6, 2, 10, 10], "texture": "#1"},
				"up": {"uv": [0, 0, 0, 4], "texture": "#1"},
				"down": {"uv": [0, 0, 0, 4], "texture": "#1"}
			}
		}
	],
	"display": {
		"thirdperson_righthand": {
			"translation": [0, -0.25, 0],
			"scale": [0.6, 0.6, 0.6]
		},
		"thirdperson_lefthand": {
			"translation": [0, -0.25, 0],
			"scale": [0.6, 0.6, 0.6]
		},
		"firstperson_righthand": {
			"rotation": [-22, 0, 0],
			"translation": [-0.75, 5.75, 2.25],
			"scale": [0.6, 0.6, 0.6]
		},
		"firstperson_lefthand": {
			"rotation": [-22, 0, 0],
			"translation": [-0.75, 5.75, 2.25],
			"scale": [0.6, 0.6, 0.6]
		},
		"ground": {
			"translation": [0, 1.5, 0],
			"scale": [0.6, 0.6, 0.6]
		},
		"gui": {
			"rotation": [22, 45, 0],
			"scale": [0.8, 0.8, 0.8]
		},
		"head": {
			"translation": [0, 11.25, 0],
			"scale": [0.6, 0.6, 0.6]
		}
	}
}