{
	"format_version": "1.12.0",
	"minecraft:geometry": [
		{
			"description": {
				"identifier": "geometry.bass_ribbit",
				"texture_width": 128,
				"texture_height": 128,
				"visible_bounds_width": 2,
				"visible_bounds_height": 2.5,
				"visible_bounds_offset": [0, 0.75, 0]
			},
			"bones": [
				{
					"name": "main",
					"pivot": [0, 0, 0]
				},
				{
					"name": "body",
					"parent": "main",
					"pivot": [0, 5, -1],
					"cubes": [
						{"origin": [0, 5, 1.5], "size": [0, 4, 4], "pivot": [0, 6.67303, 3.98356], "rotation": [-15, 0, 0], "uv": [120, 108]},
						{"origin": [-5, 5, -2], "size": [10, 10, 4], "uv": [96, 96]}
					]
				},
				{
					"name": "right_arm",
					"parent": "body",
					"pivot": [-5.5, 8, 0],
					"cubes": [
						{"origin": [-6, 6, -1.5], "size": [1, 3, 3], "uv": [112, 110]}
					]
				},
				{
					"name": "right_leg",
					"parent": "main",
					"pivot": [-2, 5.1, -0.5],
					"cubes": [
						{"origin": [-4, 0, -2], "size": [3, 5, 3], "uv": [96, 110], "mirror": true}
					]
				},
				{
					"name": "left_leg",
					"parent": "main",
					"pivot": [2, 5.1, -0.5],
					"cubes": [
						{"origin": [1, 0, -2], "size": [3, 5, 3], "uv": [96, 110]}
					]
				},
				{
					"name": "bass",
					"parent": "main",
					"pivot": [2.1, 1, -6],
					"rotation": [-5, 22.5, -2.5],
					"cubes": [
						{"origin": [-1, 0, -5], "size": [6, 8, 2], "uv": [62, 26]},
						{"origin": [1, 8, -5], "size": [2, 7, 1], "uv": [78, 26]},
						{"origin": [0, 13, -4.5], "size": [4, 2, 0], "uv": [78, 34]}
					]
				},
				{
					"name": "left_arm",
					"parent": "bass",
					"pivot": [2.9, 9.1, 0],
					"rotation": [0, 0, -27.5],
					"cubes": [
						{"origin": [3, 6.1, -1.5], "size": [1, 3, 3], "uv": [112, 110], "mirror": true}
					]
				}
			]
		}
	]
}