{
	"format_version": "1.12.0",
	"minecraft:geometry": [
		{
			"description": {
				"identifier": "geometry.frog_base",
				"texture_width": 128,
				"texture_height": 128,
				"visible_bounds_width": 2,
				"visible_bounds_height": 2.5,
				"visible_bounds_offset": [0, 0.75, 0]
			},
			"bones": [
				{
					"name": "main",
					"pivot": [0, 0, 0]
				},
				{
					"name": "body",
					"pivot": [0, 5, -1],
					"cubes": [
						{"origin": [0, 5, 1.5], "size": [0, 4, 4], "pivot": [0, 6.67303, 3.98356], "rotation": [-15, 0, 0], "uv": [120, 108]},
						{"origin": [-5, 5, -2], "size": [10, 10, 4], "uv": [96, 96]}
					]
				},
				{
					"name": "left_arm",
					"parent": "body",
					"pivot": [4.9, 9.1, 0],
					"cubes": [
						{"origin": [5, 6.1, -1.5], "size": [1, 3, 3], "uv": [112, 110], "mirror": true}
					]
				},
				{
					"name": "right_arm",
					"parent": "body",
					"pivot": [-5.5, 8, 0],
					"cubes": [
						{"origin": [-6, 6, -1.5], "size": [1, 3, 3], "uv": [112, 110]}
					]
				},
				{
					"name": "accessories",
					"parent": "body",
					"pivot": [0, 2, -1]
				},
				{
					"name": "fishing_rod",
					"parent": "accessories",
					"pivot": [0, 7.5, -3.75],
					"rotation": [-50, 0, 0],
					"cubes": [
						{"origin": [-0.5, 7, -13.25], "size": [1, 1, 10], "uv": [30, 0]},
						{"origin": [-2.5, 6.4, -13.35], "size": [5, 4, 0], "pivot": [0, 9.5, -12.25], "rotation": [27.5, 0, 0], "uv": [28, 18]}
					]
				},
				{
					"name": "fishing_rod_2",
					"parent": "fishing_rod",
					"pivot": [0, 7, -12.25],
					"rotation": [50, 0, 0],
					"cubes": [
						{"origin": [0, -3.5, -12.75], "size": [0, 11, 1], "uv": [52, -1]}
					]
				},
				{
					"name": "fishing_rod_3",
					"parent": "fishing_rod_2",
					"pivot": [0, -3.5, -12.25],
					"cubes": [
						{"origin": [-1, -5.5, -13.25], "size": [2, 2, 2], "uv": [54, 0]}
					]
				},
				{
					"name": "right_leg",
					"pivot": [-2, 5.1, -0.5],
					"cubes": [
						{"origin": [-4, 0, -2], "size": [3, 5, 3], "uv": [96, 110], "mirror": true}
					]
				},
				{
					"name": "left_leg",
					"pivot": [2, 5.1, -0.5],
					"cubes": [
						{"origin": [1, 0, -2], "size": [3, 5, 3], "uv": [96, 110]}
					]
				}
			]
		}
	]
}