{
	"format_version": "1.12.0",
	"minecraft:geometry": [
		{
			"description": {
				"identifier": "geometry.gardener_ribbit",
				"texture_width": 128,
				"texture_height": 128,
				"visible_bounds_width": 3,
				"visible_bounds_height": 2.5,
				"visible_bounds_offset": [0, 0.75, 0]
			},
			"bones": [
				{
					"name": "main",
					"pivot": [0, 0, 0]
				},
				{
					"name": "body",
					"pivot": [0, 5, -1],
					"cubes": [
						{"origin": [0, 5, 1.5], "size": [0, 4, 4], "pivot": [0, 6.67303, 3.98356], "rotation": [-15, 0, 0], "uv": [120, 108]},
						{"origin": [-5, 5, -2], "size": [10, 10, 4], "uv": [96, 96]}
					]
				},
				{
					"name": "left_arm",
					"parent": "body",
					"pivot": [4.9, 9.1, 0],
					"cubes": [
						{"origin": [5, 6.1, -1.5], "size": [1, 3, 3], "uv": [112, 110], "mirror": true}
					]
				},
				{
					"name": "right_arm",
					"parent": "body",
					"pivot": [-5.5, 8, 0],
					"cubes": [
						{"origin": [-6, 6, -1.5], "size": [1, 3, 3], "uv": [112, 110]}
					]
				},
				{
					"name": "watering_can",
					"parent": "right_arm",
					"pivot": [-2.6, 4.4, -2.4],
					"rotation": [-74.5, 25, -7.5],
					"cubes": [
						{"origin": [-7.6, 1.4, -5.4], "size": [3, 3, 3], "uv": [30, 11], "mirror": true},
						{"origin": [-6.6, -1.6, -3.4], "size": [1, 3, 1], "pivot": [-6.1, 1.4, -2.4], "rotation": [-45, 0, 0], "uv": [34, 5], "mirror": true},
						{"origin": [-6.6, 4.4, -5.4], "size": [1, 1, 2], "uv": [34, 0], "mirror": true}
					]
				},
				{
					"name": "gardener_hat",
					"parent": "body",
					"pivot": [2, 13.9, 0.9],
					"rotation": [-30.5, 20, 10],
					"cubes": [
						{"origin": [-2.5, 13.6, -4.6], "size": [10, 1, 10], "inflate": 0.01, "uv": [54, 0]},
						{"origin": [-0.5, 14.6, -2.6], "size": [6, 3, 6], "uv": [38, 11]},
						{"origin": [4.58873, 13.6, -1.8], "size": [4, 4, 0], "pivot": [2.38873, 13.501, 0.4], "rotation": [0, -45, 0], "uv": [62, 17]},
						{"origin": [5.96376, 13.6, 3.52061], "size": [4, 4, 0], "pivot": [1.96376, 13.501, 2.52061], "rotation": [0, 45, 0], "uv": [62, 17]}
					]
				},
				{
					"name": "right_leg",
					"pivot": [-2, 5.1, -0.5],
					"cubes": [
						{"origin": [-4, 0, -2], "size": [3, 5, 3], "uv": [96, 110], "mirror": true}
					]
				},
				{
					"name": "left_leg",
					"pivot": [2, 5.1, -0.5],
					"cubes": [
						{"origin": [1, 0, -2], "size": [3, 5, 3], "uv": [96, 110]}
					]
				}
			]
		}
	]
}