{
	"format_version": "1.12.0",
	"minecraft:geometry": [
		{
			"description": {
				"identifier": "geometry.merchant_ribbit",
				"texture_width": 128,
				"texture_height": 128,
				"visible_bounds_width": 3,
				"visible_bounds_height": 2.5,
				"visible_bounds_offset": [0, 0.75, 0]
			},
			"bones": [
				{
					"name": "main",
					"pivot": [0, 0, 0]
				},
				{
					"name": "body",
					"pivot": [0, 5, -1],
					"cubes": [
						{"origin": [-4, 11, 2], "size": [8, 3, 3], "uv": [0, 92]},
						{"origin": [-3, 5, 2], "size": [6, 6, 4], "uv": [1, 82]},
						{"origin": [-4, 5, 2], "size": [1, 3, 3], "uv": [1, 99]},
						{"origin": [3, 5, 2], "size": [1, 3, 3], "uv": [1, 99], "mirror": true},
						{"origin": [-4, 8, 6], "size": [8, 2, 2], "uv": [0, 123]},
						{"origin": [-3, 5, 6], "size": [6, 3, 1], "uv": [27, 89]},
						{"origin": [0, 5, 1.5], "size": [0, 4, 4], "pivot": [0, 6.67303, 3.98356], "rotation": [-15, 0, 0], "uv": [120, 108]},
						{"origin": [-5, 5, -2], "size": [10, 10, 4], "uv": [96, 96]}
					]
				},
				{
					"name": "left_arm",
					"parent": "body",
					"pivot": [4.9, 9.1, 0],
					"cubes": [
						{"origin": [5, 6.1, -1.5], "size": [1, 3, 3], "uv": [112, 110], "mirror": true}
					]
				},
				{
					"name": "right_arm",
					"parent": "body",
					"pivot": [-5.5, 8, 0],
					"cubes": [
						{"origin": [-6, 6, -1.5], "size": [1, 3, 3], "uv": [112, 110]}
					]
				},
				{
					"name": "leaf",
					"parent": "body",
					"pivot": [-3.5, 10.6, 5.9],
					"rotation": [-27.5, -27.5, 0],
					"cubes": [
						{"origin": [-4, 8.6, 5.4], "size": [1, 5, 1], "uv": [0, 105]},
						{"origin": [-5, 12.6, 5.4], "size": [3, 1, 4], "uv": [10, 98]}
					]
				},
				{
					"name": "right_leg",
					"pivot": [-2, 5.1, -0.5],
					"cubes": [
						{"origin": [-4, 0, -2], "size": [3, 5, 3], "uv": [96, 110], "mirror": true}
					]
				},
				{
					"name": "left_leg",
					"pivot": [2, 5.1, -0.5],
					"cubes": [
						{"origin": [1, 0, -2], "size": [3, 5, 3], "uv": [96, 110]}
					]
				}
			]
		}
	]
}