{
	"format_version": "1.12.0",
	"minecraft:geometry": [
		{
			"description": {
				"identifier": "geometry.pride_ribbit",
				"texture_width": 128,
				"texture_height": 128,
				"visible_bounds_width": 2,
				"visible_bounds_height": 2.5,
				"visible_bounds_offset": [0, 0.75, 0]
			},
			"bones": [
				{
					"name": "main",
					"pivot": [0, 0, 0]
				},
				{
					"name": "body",
					"pivot": [0, 5, -1],
					"cubes": [
						{"origin": [0, 5, 1.5], "size": [0, 4, 4], "pivot": [0, 6.67303, 3.98356], "rotation": [-15, 0, 0], "uv": [120, 108]},
						{"origin": [-5, 5, -2], "size": [10, 10, 4], "uv": [96, 96]}
					]
				},
				{
					"name": "left_arm",
					"parent": "body",
					"pivot": [4.9, 9.1, 0],
					"cubes": [
						{"origin": [5, 6.1, -1.5], "size": [1, 3, 3], "uv": [112, 110], "mirror": true}
					]
				},
				{
					"name": "right_arm",
					"parent": "body",
					"pivot": [-5.5, 8, 0],
					"cubes": [
						{"origin": [-6, 6, -1.5], "size": [1, 3, 3], "uv": [112, 110]}
					]
				},
				{
					"name": "umbrella2",
					"parent": "body",
					"pivot": [0, 8.6, -4.4],
					"rotation": [-2.5, 110, -2.5],
					"cubes": [
						{"origin": [-0.5, 8.1, -4.9], "size": [1, 12, 1], "uv": [94, 0]},
						{"origin": [0, 14.1, -3.9], "size": [0, 6, 9], "uv": [94, 4]}
					]
				},
				{
					"name": "right_leg",
					"pivot": [-2, 5.1, -0.5],
					"cubes": [
						{"origin": [-4, 0, -2], "size": [3, 5, 3], "uv": [96, 110], "mirror": true}
					]
				},
				{
					"name": "left_leg",
					"pivot": [2, 5.1, -0.5],
					"cubes": [
						{"origin": [1, 0, -2], "size": [3, 5, 3], "uv": [96, 110]}
					]
				}
			]
		}
	]
}