{
    "namespaces": [
        {
            "replace": false,
            "namespace": "expanded_shaders",
            "shaders": [
                "sequins",
                "color_blind",
                "toxic_waste",
                "blobs_outline",
                "glitchy",
                "retro",
                "sepia",
                "color_bleed",
                "interference",
                "thermal",
                "kaleidoscope",
                "ghost",
                "dramatic",
                "pixels",
                "harsh_dither",
                "glass",
                "hyperspace",
                "plants",
                "collapse",
                "rotate",
                "suspicious",
                "half_invert",
                "voronoi",
                "normalise",
                "hue_rotate",
                "cinematic",
                "horror",
                "out_of_bounds",
                "fractal",
                "bevel",
                "depth_outline",
                "autumnal",
                "frigid",
                "color_shuffle",
                "film_grain",
                "fisheye",
                "stereogram",
                "mouse",
                "anaglyph",
                "brightness",
                "contrast",
                "gaussian",
                "halftone",
                "toon",
                "checkerboard",
                "rings",
                "life",
                "bloom_spike",
                "bloom_color",
                "infrared",
                "highpass",
                "rolling_shutter",
                "mandelbrot"
            ],
            "disable_screen_mode": [
                "sequins",
                "kaleidoscope",
                "ghost",
                "dramatic",
                "rotate",
                "cinematic",
                "horror",
                "out_of_bounds",
                "fractal",
                "depth_outline",
                "color_shuffle",
                "stereogram",
                "mouse",
                "anaglyph",
                "life"
            ],
            "disable_soup": [
                "stereogram"
            ],
            "layer_effects": [
                "channel_cycle_additive",
                "channel_cycle_exclusive"
            ]
        }
    ],
    "entity_links": {
        "entity.minecraft.warden": "horror"
    }
}